"","Party","BPI","date"
"1","CON",0.375571123971977,2015-04-15 00:02:22
"2","LAB",0.238805970149254,2015-04-15 00:02:22
"3","SNP",0.238805970149254,2015-04-15 00:02:22
"4","LD",0.0636612854096863,2015-04-15 00:02:22
"5","DUP",0.0566554980201036,2015-04-15 00:02:22
"6","UKIP",0,2015-04-15 00:02:22
"7","SDLP",0.00974718245507158,2015-04-15 00:02:22
"8","GRN",0,2015-04-15 00:02:22
"9","SPK",0,2015-04-15 00:02:22
"10","IND",0,2015-04-15 00:02:22
"11","SF",0.0118793786171185,2015-04-15 00:02:22
"12","ALI",0,2015-04-15 00:02:22
"13","PC",0.00487359122753579,2015-04-15 00:02:22
"14","CON",0.34863789409244,2015-04-14 00:02:25
"15","LAB",0.270278543005816,2015-04-14 00:02:25
"16","SNP",0.269972451790634,2015-04-14 00:02:25
"17","LD",0.0355065809611264,2015-04-14 00:02:25
"18","DUP",0.0352004897459443,2015-04-14 00:02:25
"19","UKIP",0,2015-04-14 00:02:25
"20","SDLP",0.00918273645546373,2015-04-14 00:02:25
"21","GRN",0,2015-04-14 00:02:25
"22","SPK",0,2015-04-14 00:02:25
"23","IND",0,2015-04-14 00:02:25
"24","SF",0.0220385674931129,2015-04-14 00:02:25
"25","ALI",0,2015-04-14 00:02:25
"26","PC",0.00918273645546373,2015-04-14 00:02:25
"27","CON",0.355963302752294,2015-04-13 00:02:24
"28","LAB",0.26085626911315,2015-04-13 00:02:24
"29","SNP",0.260550458715596,2015-04-13 00:02:24
"30","LD",0.0431192660550459,2015-04-13 00:02:24
"31","DUP",0.0409785932721713,2015-04-13 00:02:24
"32","UKIP",0,2015-04-13 00:02:24
"33","SDLP",0.00856269113149847,2015-04-13 00:02:24
"34","GRN",0,2015-04-13 00:02:24
"35","SPK",0,2015-04-13 00:02:24
"36","IND",0,2015-04-13 00:02:24
"37","SF",0.0214067278287462,2015-04-13 00:02:24
"38","ALI",0,2015-04-13 00:02:24
"39","PC",0.00856269113149847,2015-04-13 00:02:24
"40","CON",0.334763948497854,2015-04-12 00:02:25
"41","LAB",0.279889638258737,2015-04-12 00:02:25
"42","SNP",0.264561618638872,2015-04-12 00:02:25
"43","LD",0.0361741263028817,2015-04-12 00:02:25
"44","DUP",0.0361741263028817,2015-04-12 00:02:25
"45","UKIP",0,2015-04-12 00:02:25
"46","SDLP",0.0116492949110975,2015-04-12 00:02:25
"47","GRN",0,2015-04-12 00:02:25
"48","SPK",0,2015-04-12 00:02:25
"49","IND",0,2015-04-12 00:02:25
"50","SF",0.0291232372777437,2015-04-12 00:02:25
"51","ALI",0,2015-04-12 00:02:25
"52","PC",0.00766400980993256,2015-04-12 00:02:25
"53","CON",0.334763948497854,2015-04-11 00:02:25
"54","LAB",0.279889638258737,2015-04-11 00:02:25
"55","SNP",0.264561618638872,2015-04-11 00:02:25
"56","LD",0.0361741263028817,2015-04-11 00:02:25
"57","DUP",0.0361741263028817,2015-04-11 00:02:25
"58","UKIP",0,2015-04-11 00:02:25
"59","SDLP",0.0116492949110975,2015-04-11 00:02:25
"60","GRN",0,2015-04-11 00:02:25
"61","SPK",0,2015-04-11 00:02:25
"62","IND",0,2015-04-11 00:02:25
"63","SF",0.0291232372777437,2015-04-11 00:02:25
"64","ALI",0,2015-04-11 00:02:25
"65","PC",0.00766400980993256,2015-04-11 00:02:25
"66","CON",0.350732600732601,2015-04-10 07:35:57
"67","LAB",0.262210012210012,2015-04-10 07:35:57
"68","SNP",0.255494505494505,2015-04-10 07:35:57
"69","LD",0.0448717948717949,2015-04-10 07:35:57
"70","DUP",0.0427350427350427,2015-04-10 07:35:57
"71","UKIP",0,2015-04-10 07:35:57
"72","SDLP",0.0103785103785104,2015-04-10 07:35:57
"73","GRN",0,2015-04-10 07:35:57
"74","SPK",0,2015-04-10 07:35:57
"75","IND",0,2015-04-10 07:35:57
"76","SF",0.0231990231990232,2015-04-10 07:35:57
"77","ALI",0,2015-04-10 07:35:57
"78","PC",0.0103785103785104,2015-04-10 07:35:57
"79","CON",0.369273060476481,2015-04-09 00:02:21
"80","LAB",0.245571166768479,2015-04-09 00:02:21
"81","SNP",0.245265729993891,2015-04-09 00:02:21
"82","LD",0.0568112400733048,2015-04-09 00:02:21
"83","DUP",0.0497861942577886,2015-04-09 00:02:21
"84","UKIP",0,2015-04-09 00:02:21
"85","SDLP",0.0109957238851558,2015-04-09 00:02:21
"86","GRN",0,2015-04-09 00:02:21
"87","SPK",0,2015-04-09 00:02:21
"88","IND",0,2015-04-09 00:02:21
"89","SF",0.0177153329260843,2015-04-09 00:02:21
"90","ALI",0,2015-04-09 00:02:21
"91","PC",0.00458155161881491,2015-04-09 00:02:21
"92","CON",0.389887298202863,2015-04-08 00:02:22
"93","LAB",0.222966798659762,2015-04-08 00:02:22
"94","SNP",0.222966798659762,2015-04-08 00:02:22
"95","LD",0.0779774596405726,2015-04-08 00:02:22
"96","DUP",0.0517819067925678,2015-04-08 00:02:22
"97","UKIP",0,2015-04-08 00:02:22
"98","SDLP",0.0127931769722814,2015-04-08 00:02:22
"99","GRN",0,2015-04-08 00:02:22
"100","SPK",0,2015-04-08 00:02:22
"101","IND",0,2015-04-08 00:02:22
"102","SF",0.0152299725860493,2015-04-08 00:02:22
"103","ALI",0,2015-04-08 00:02:22
"104","PC",0.00639658848614072,2015-04-08 00:02:22
"105","CON",0.389887298202863,2015-04-06 00:02:21
"106","LAB",0.222966798659762,2015-04-06 00:02:21
"107","SNP",0.222966798659762,2015-04-06 00:02:21
"108","LD",0.0779774596405726,2015-04-06 00:02:21
"109","DUP",0.0517819067925678,2015-04-06 00:02:21
"110","UKIP",0,2015-04-06 00:02:21
"111","SDLP",0.0127931769722814,2015-04-06 00:02:21
"112","GRN",0,2015-04-06 00:02:21
"113","SPK",0,2015-04-06 00:02:21
"114","IND",0,2015-04-06 00:02:21
"115","SF",0.0152299725860493,2015-04-06 00:02:21
"116","ALI",0,2015-04-06 00:02:21
"117","PC",0.00639658848614072,2015-04-06 00:02:21
"118","CON",0.343415826458906,2015-04-04 00:02:20
"119","LAB",0.271616254201039,2015-04-04 00:02:20
"120","SNP",0.264894592117324,2015-04-04 00:02:20
"121","LD",0.0372746715551482,2015-04-04 00:02:20
"122","DUP",0.0369691414604339,2015-04-04 00:02:20
"123","UKIP",0,2015-04-04 00:02:20
"124","SDLP",0.0109990834097159,2015-04-04 00:02:20
"125","GRN",0,2015-04-04 00:02:20
"126","SPK",0,2015-04-04 00:02:20
"127","IND",0,2015-04-04 00:02:20
"128","SF",0.0238313473877177,2015-04-04 00:02:20
"129","ALI",0,2015-04-04 00:02:20
"130","PC",0.0109990834097159,2015-04-04 00:02:20
"131","CON",0.354868340477648,2015-04-03 00:02:21
"132","LAB",0.261481935088794,2015-04-03 00:02:21
"133","SNP",0.259338640538886,2015-04-03 00:02:21
"134","LD",0.0434782608695652,2015-04-03 00:02:21
"135","DUP",0.0413349663196571,2015-04-03 00:02:21
"136","UKIP",0,2015-04-03 00:02:21
"137","SDLP",0.00887936313533374,2015-04-03 00:02:21
"138","GRN",0,2015-04-03 00:02:21
"139","SPK",0,2015-04-03 00:02:21
"140","IND",0,2015-04-03 00:02:21
"141","SF",0.0217391304347826,2015-04-03 00:02:21
"142","ALI",0,2015-04-03 00:02:21
"143","PC",0.00887936313533374,2015-04-03 00:02:21
"144","CON",0.332009773976787,2015-04-02 08:57:44
"145","LAB",0.282223579718998,2015-04-02 08:57:44
"146","SNP",0.268784361637141,2015-04-02 08:57:44
"147","LD",0.0326817348808797,2015-04-02 08:57:44
"148","DUP",0.0326817348808797,2015-04-02 08:57:44
"149","UKIP",0,2015-04-02 08:57:44
"150","SDLP",0.0128283445326817,2015-04-02 08:57:44
"151","GRN",0,2015-04-02 08:57:44
"152","SPK",0,2015-04-02 08:57:44
"153","IND",0,2015-04-02 08:57:44
"154","SF",0.0259621258399511,2015-04-02 08:57:44
"155","ALI",0,2015-04-02 08:57:44
"156","PC",0.0128283445326817,2015-04-02 08:57:44
"157","CON",0.316360349502862,2015-04-01 00:02:21
"158","LAB",0.286532087978307,2015-04-01 00:02:21
"159","SNP",0.253992166315155,2015-04-01 00:02:21
"160","LD",0.0403736065079843,2015-04-01 00:02:21
"161","DUP",0.0403736065079843,2015-04-01 00:02:21
"162","UKIP",0,2015-04-01 00:02:21
"163","SDLP",0.0144621874058451,2015-04-01 00:02:21
"164","GRN",0,2015-04-01 00:02:21
"165","SPK",0,2015-04-01 00:02:21
"166","IND",0,2015-04-01 00:02:21
"167","SF",0.0334438083760169,2015-04-01 00:02:21
"168","ALI",0,2015-04-01 00:02:21
"169","PC",0.0144621874058451,2015-04-01 00:02:21
"170","CON",0.347575757575758,2015-03-31 00:01:02
"171","LAB",0.259090909090909,2015-03-31 00:01:02
"172","SNP",0.243939393939394,2015-03-31 00:01:02
"173","LD",0.0524242424242424,2015-03-31 00:01:02
"174","DUP",0.0503030303030303,2015-03-31 00:01:02
"175","UKIP",0,2015-03-31 00:01:02
"176","SDLP",0.0133333333333333,2015-03-31 00:01:02
"177","GRN",0,2015-03-31 00:01:02
"178","SPK",0,2015-03-31 00:01:02
"179","IND",0,2015-03-31 00:01:02
"180","SF",0.0263636363636364,2015-03-31 00:01:02
"181","ALI",0,2015-03-31 00:01:02
"182","PC",0.00696969696969697,2015-03-31 00:01:02
"183","CON",0.298281386542383,2015-03-30 00:02:21
"184","LAB",0.283716865715118,2015-03-30 00:02:21
"185","SNP",0.223419749490242,2015-03-30 00:02:21
"186","LD",0.0602971162248762,2015-03-30 00:02:21
"187","DUP",0.0600058258083309,2015-03-30 00:02:21
"188","UKIP",0,2015-03-30 00:02:21
"189","SDLP",0.0166035537430819,2015-03-30 00:02:21
"190","GRN",0,2015-03-30 00:02:21
"191","SPK",0,2015-03-30 00:02:21
"192","IND",0,2015-03-30 00:02:21
"193","SF",0.0410719487328867,2015-03-30 00:02:21
"194","ALI",0,2015-03-30 00:02:21
"195","PC",0.0166035537430819,2015-03-30 00:02:21
"196","CON",0.360550458715596,2015-03-28 00:02:21
"197","LAB",0.256269113149847,2015-03-28 00:02:21
"198","SNP",0.255963302752294,2015-03-28 00:02:21
"199","LD",0.0477064220183486,2015-03-28 00:02:21
"200","DUP",0.045565749235474,2015-03-28 00:02:21
"201","UKIP",0,2015-03-28 00:02:21
"202","SDLP",0.00856269113149847,2015-03-28 00:02:21
"203","GRN",0,2015-03-28 00:02:21
"204","SPK",0,2015-03-28 00:02:21
"205","IND",0,2015-03-28 00:02:21
"206","SF",0.0214067278287462,2015-03-28 00:02:21
"207","ALI",0,2015-03-28 00:02:21
"208","PC",0.00397553516819572,2015-03-28 00:02:21
"209","CON",0.325144070367,2015-03-27 00:02:22
"210","LAB",0.281771307249014,2015-03-27 00:02:22
"211","SNP",0.255686988171065,2015-03-27 00:02:22
"212","LD",0.040643008795875,2015-03-27 00:02:22
"213","DUP",0.040643008795875,2015-03-27 00:02:22
"214","UKIP",0,2015-03-27 00:02:22
"215","SDLP",0.0145586897179254,2015-03-27 00:02:22
"216","GRN",0,2015-03-27 00:02:22
"217","SPK",0,2015-03-27 00:02:22
"218","IND",0,2015-03-27 00:02:22
"219","SF",0.0336669699727025,2015-03-27 00:02:22
"220","ALI",0,2015-03-27 00:02:22
"221","PC",0.00788595693054292,2015-03-27 00:02:22
"222","CON",0.340535605599513,2015-03-26 00:02:22
"223","LAB",0.269324406573341,2015-03-26 00:02:22
"224","SNP",0.254108338405356,2015-03-26 00:02:22
"225","LD",0.0441265976871576,2015-03-26 00:02:22
"226","DUP",0.0438222763237979,2015-03-26 00:02:22
"227","UKIP",0,2015-03-26 00:02:22
"228","SDLP",0.0115642118076689,2015-03-26 00:02:22
"229","GRN",0,2015-03-26 00:02:22
"230","SPK",0,2015-03-26 00:02:22
"231","IND",0,2015-03-26 00:02:22
"232","SF",0.0289105295191722,2015-03-26 00:02:22
"233","ALI",0,2015-03-26 00:02:22
"234","PC",0.0076080340839927,2015-03-26 00:02:22
"235","CON",0.348266339367904,2015-03-25 00:02:20
"236","LAB",0.268180423442774,2015-03-25 00:02:20
"237","SNP",0.26112304387849,2015-03-25 00:02:20
"238","LD",0.0411169070266953,2015-03-25 00:02:20
"239","DUP",0.0408100644369438,2015-03-25 00:02:20
"240","UKIP",0,2015-03-25 00:02:20
"241","SDLP",0.00859159251304081,2015-03-25 00:02:20
"242","GRN",0,2015-03-25 00:02:20
"243","SPK",0,2015-03-25 00:02:20
"244","IND",0,2015-03-25 00:02:20
"245","SF",0.0257747775391224,2015-03-25 00:02:20
"246","ALI",0,2015-03-25 00:02:20
"247","PC",0.00613685179502915,2015-03-25 00:02:20
"248","CON",0.35239852398524,2015-03-23 18:01:20
"249","LAB",0.267220172201722,2015-03-23 18:01:20
"250","SNP",0.265067650676507,2015-03-23 18:01:20
"251","LD",0.0396678966789668,2015-03-23 18:01:20
"252","DUP",0.039360393603936,2015-03-23 18:01:20
"253","UKIP",0,2015-03-23 18:01:20
"254","SDLP",0.00707257072570726,2015-03-23 18:01:20
"255","GRN",0,2015-03-23 18:01:20
"256","SPK",0,2015-03-23 18:01:20
"257","IND",0,2015-03-23 18:01:20
"258","SF",0.0242927429274293,2015-03-23 18:01:20
"259","ALI",0,2015-03-23 18:01:20
"260","PC",0.00492004920049201,2015-03-23 18:01:20
"261","CON",0.369273060476481,2015-03-22 08:49:50
"262","LAB",0.245571166768479,2015-03-22 08:49:50
"263","SNP",0.245265729993891,2015-03-22 08:49:50
"264","LD",0.0568112400733048,2015-03-22 08:49:50
"265","DUP",0.0497861942577886,2015-03-22 08:49:50
"266","UKIP",0,2015-03-22 08:49:50
"267","SDLP",0.0109957238851558,2015-03-22 08:49:50
"268","GRN",0,2015-03-22 08:49:50
"269","SPK",0,2015-03-22 08:49:50
"270","IND",0,2015-03-22 08:49:50
"271","SF",0.0177153329260843,2015-03-22 08:49:50
"272","ALI",0,2015-03-22 08:49:50
"273","PC",0.00458155161881491,2015-03-22 08:49:50
"274","CON",0.360550458715596,2015-03-20 21:08:49
"275","LAB",0.256269113149847,2015-03-20 21:08:49
"276","SNP",0.255963302752294,2015-03-20 21:08:49
"277","LD",0.0477064220183486,2015-03-20 21:08:49
"278","DUP",0.045565749235474,2015-03-20 21:08:49
"279","UKIP",0,2015-03-20 21:08:49
"280","SDLP",0.00856269113149847,2015-03-20 21:08:49
"281","GRN",0,2015-03-20 21:08:49
"282","SPK",0,2015-03-20 21:08:49
"283","IND",0,2015-03-20 21:08:49
"284","SF",0.0214067278287462,2015-03-20 21:08:49
"285","ALI",0,2015-03-20 21:08:49
"286","PC",0.00397553516819572,2015-03-20 21:08:49
"287","CON",0.351586807716241,2015-03-19 19:35:48
"288","LAB",0.274424393279403,2015-03-19 19:35:48
"289","SNP",0.271935283136279,2015-03-19 19:35:48
"290","LD",0.0354698195395146,2015-03-19 19:35:48
"291","DUP",0.0354698195395146,2015-03-19 19:35:48
"292","UKIP",0,2015-03-19 19:35:48
"293","SDLP",0.00466708151835719,2015-03-19 19:35:48
"294","GRN",0,2015-03-19 19:35:48
"295","SPK",0,2015-03-19 19:35:48
"296","IND",0,2015-03-19 19:35:48
"297","SF",0.0264467952706907,2015-03-19 19:35:48
"298","ALI",0,2015-03-19 19:35:48
"299","PC",0,2015-03-19 19:35:48
"300","CON",0.346919726197884,2015-03-18 18:44:14
"301","LAB",0.276291225886745,2015-03-18 18:44:14
"302","SNP",0.267268201617922,2015-03-18 18:44:14
"303","LD",0.0373366521468575,2015-03-18 18:44:14
"304","DUP",0.0373366521468575,2015-03-18 18:44:14
"305","UKIP",0,2015-03-18 18:44:14
"306","SDLP",0.00653391412570006,2015-03-18 18:44:14
"307","GRN",0,2015-03-18 18:44:14
"308","SPK",0,2015-03-18 18:44:14
"309","IND",0,2015-03-18 18:44:14
"310","SF",0.0283136278780336,2015-03-18 18:44:14
"311","ALI",0,2015-03-18 18:44:14
"312","PC",0,2015-03-18 18:44:14
"313","CON",0.340535605599513,2015-03-17 18:12:04
"314","LAB",0.269324406573341,2015-03-17 18:12:04
"315","SNP",0.254108338405356,2015-03-17 18:12:04
"316","LD",0.0441265976871576,2015-03-17 18:12:04
"317","DUP",0.0438222763237979,2015-03-17 18:12:04
"318","UKIP",0,2015-03-17 18:12:04
"319","SDLP",0.0115642118076689,2015-03-17 18:12:04
"320","GRN",0,2015-03-17 18:12:04
"321","SPK",0,2015-03-17 18:12:04
"322","IND",0,2015-03-17 18:12:04
"323","SF",0.0289105295191722,2015-03-17 18:12:04
"324","ALI",0,2015-03-17 18:12:04
"325","PC",0.0076080340839927,2015-03-17 18:12:04
"326","CON",0.360635696821516,2015-03-16 18:34:19
"327","LAB",0.256112469437653,2015-03-16 18:34:19
"328","SNP",0.256112469437653,2015-03-16 18:34:19
"329","LD",0.0476772616136919,2015-03-16 18:34:19
"330","DUP",0.0455378973105134,2015-03-16 18:34:19
"331","UKIP",0,2015-03-16 18:34:19
"332","SDLP",0.00855745721271394,2015-03-16 18:34:19
"333","GRN",0,2015-03-16 18:34:19
"334","SPK",0,2015-03-16 18:34:19
"335","IND",0,2015-03-16 18:34:19
"336","SF",0.0213936430317848,2015-03-16 18:34:19
"337","ALI",0,2015-03-16 18:34:19
"338","PC",0.00397310513447433,2015-03-16 18:34:19
"339","CON",0.369352869352869,2015-03-15 08:38:13
"340","LAB",0.245421245421245,2015-03-15 08:38:13
"341","SNP",0.245421245421245,2015-03-15 08:38:13
"342","LD",0.0567765567765568,2015-03-15 08:38:13
"343","DUP",0.0497557997557998,2015-03-15 08:38:13
"344","UKIP",0,2015-03-15 08:38:13
"345","SDLP",0.010989010989011,2015-03-15 08:38:13
"346","GRN",0,2015-03-15 08:38:13
"347","SPK",0,2015-03-15 08:38:13
"348","IND",0,2015-03-15 08:38:13
"349","SF",0.0177045177045177,2015-03-15 08:38:13
"350","ALI",0,2015-03-15 08:38:13
"351","PC",0.00457875457875458,2015-03-15 08:38:13
"352","CON",0.389887298202863,2015-03-13 12:40:00
"353","LAB",0.222966798659762,2015-03-13 12:40:00
"354","SNP",0.222966798659762,2015-03-13 12:40:00
"355","LD",0.0779774596405726,2015-03-13 12:40:00
"356","DUP",0.0517819067925678,2015-03-13 12:40:00
"357","UKIP",0,2015-03-13 12:40:00
"358","SDLP",0.0127931769722814,2015-03-13 12:40:00
"359","GRN",0,2015-03-13 12:40:00
"360","SPK",0,2015-03-13 12:40:00
"361","IND",0,2015-03-13 12:40:00
"362","SF",0.0152299725860493,2015-03-13 12:40:00
"363","ALI",0,2015-03-13 12:40:00
"364","PC",0.00639658848614072,2015-03-13 12:40:00
"365","CON",0.38810110974106,2015-03-12 23:40:19
"366","LAB",0.230271270036991,2015-03-12 23:40:19
"367","SNP",0.230271270036991,2015-03-12 23:40:19
"368","LD",0.0724414303329223,2015-03-12 23:40:19
"369","DUP",0.0524044389642417,2015-03-12 23:40:19
"370","UKIP",0,2015-03-12 23:40:19
"371","SDLP",0.0129469790382244,2015-03-12 23:40:19
"372","GRN",0,2015-03-12 23:40:19
"373","SPK",0,2015-03-12 23:40:19
"374","IND",0,2015-03-12 23:40:19
"375","SF",0.0135635018495684,2015-03-12 23:40:19
"376","ALI",0,2015-03-12 23:40:19
"377","PC",0,2015-03-12 23:40:19
"378","CON",0.444132334581773,2015-03-11 14:40:08
"379","LAB",0.186641697877653,2015-03-11 14:40:08
"380","SNP",0.186641697877653,2015-03-11 14:40:08
"381","LD",0.124531835205993,2015-03-11 14:40:08
"382","DUP",0.0268414481897628,2015-03-11 14:40:08
"383","UKIP",0,2015-03-11 14:40:08
"384","SDLP",0.00686641697877653,2015-03-11 14:40:08
"385","GRN",0,2015-03-11 14:40:08
"386","SPK",0,2015-03-11 14:40:08
"387","IND",0,2015-03-11 14:40:08
"388","SF",0.0243445692883895,2015-03-11 14:40:08
"389","ALI",0,2015-03-11 14:40:08
"390","PC",0,2015-03-11 14:40:08
"391","CON",0.418968692449355,2015-03-10 19:46:45
"392","LAB",0.201043585021486,2015-03-10 19:46:45
"393","SNP",0.201043585021486,2015-03-10 19:46:45
"394","LD",0.104665438919583,2015-03-10 19:46:45
"395","DUP",0.043585021485574,2015-03-10 19:46:45
"396","UKIP",0,2015-03-10 19:46:45
"397","SDLP",0.00675260896255371,2015-03-10 19:46:45
"398","GRN",0,2015-03-10 19:46:45
"399","SPK",0,2015-03-10 19:46:45
"400","IND",0,2015-03-10 19:46:45
"401","SF",0.0239410681399632,2015-03-10 19:46:45
"402","ALI",0,2015-03-10 19:46:45
"403","PC",0,2015-03-10 19:46:45
"404","CON",0.374923359901901,2015-03-09 17:13:12
"405","LAB",0.241876149601471,2015-03-09 17:13:12
"406","SNP",0.241876149601471,2015-03-09 17:13:12
"407","LD",0.0610055180870631,2015-03-09 17:13:12
"408","DUP",0.0521152667075414,2015-03-09 17:13:12
"409","UKIP",0,2015-03-09 17:13:12
"410","SDLP",0.0128755364806867,2015-03-09 17:13:12
"411","GRN",0,2015-03-09 17:13:12
"412","SPK",0,2015-03-09 17:13:12
"413","IND",0,2015-03-09 17:13:12
"414","SF",0.0153280196198651,2015-03-09 17:13:12
"415","ALI",0,2015-03-09 17:13:12
"416","PC",0,2015-03-09 17:13:12
"417","CON",0.374846625766871,2015-03-08 09:02:07
"418","LAB",0.242024539877301,2015-03-08 09:02:07
"419","SNP",0.241717791411043,2015-03-08 09:02:07
"420","LD",0.0610429447852761,2015-03-08 09:02:07
"421","DUP",0.0521472392638037,2015-03-08 09:02:07
"422","UKIP",0,2015-03-08 09:02:07
"423","SDLP",0.0128834355828221,2015-03-08 09:02:07
"424","GRN",0,2015-03-08 09:02:07
"425","SPK",0,2015-03-08 09:02:07
"426","IND",0,2015-03-08 09:02:07
"427","SF",0.0153374233128834,2015-03-08 09:02:07
"428","ALI",0,2015-03-08 09:02:07
"429","PC",0,2015-03-08 09:02:07
"430","CON",0.351586807716241,2015-03-06 18:40:15
"431","LAB",0.274424393279403,2015-03-06 18:40:15
"432","SNP",0.271935283136279,2015-03-06 18:40:15
"433","LD",0.0354698195395146,2015-03-06 18:40:15
"434","DUP",0.0354698195395146,2015-03-06 18:40:15
"435","UKIP",0,2015-03-06 18:40:15
"436","SDLP",0.00466708151835719,2015-03-06 18:40:15
"437","GRN",0,2015-03-06 18:40:15
"438","SPK",0,2015-03-06 18:40:15
"439","IND",0,2015-03-06 18:40:15
"440","SF",0.0264467952706907,2015-03-06 18:40:15
"441","ALI",0,2015-03-06 18:40:15
"442","PC",0,2015-03-06 18:40:15
"443","CON",0.364440378164074,2015-03-05 19:42:21
"444","LAB",0.2516010978957,2015-03-05 19:42:21
"445","SNP",0.2516010978957,2015-03-05 19:42:21
"446","LD",0.0521500457456542,2015-03-05 19:42:21
"447","DUP",0.0497102775236353,2015-03-05 19:42:21
"448","UKIP",0,2015-03-05 19:42:21
"449","SDLP",0.0109789569990851,2015-03-05 19:42:21
"450","GRN",0,2015-03-05 19:42:21
"451","SPK",0,2015-03-05 19:42:21
"452","IND",0,2015-03-05 19:42:21
"453","SF",0.0195181457761513,2015-03-05 19:42:21
"454","ALI",0,2015-03-05 19:42:21
"455","PC",0,2015-03-05 19:42:21
"456","CON",0.346919726197884,2015-02-25 15:29:21
"457","LAB",0.276291225886745,2015-02-25 15:29:21
"458","SNP",0.267268201617922,2015-02-25 15:29:21
"459","LD",0.0373366521468575,2015-02-25 15:29:21
"460","DUP",0.0373366521468575,2015-02-25 15:29:21
"461","UKIP",0,2015-02-25 15:29:21
"462","SDLP",0.00653391412570006,2015-02-25 15:29:21
"463","GRN",0,2015-02-25 15:29:21
"464","SPK",0,2015-02-25 15:29:21
"465","IND",0,2015-02-25 15:29:21
"466","SF",0.0283136278780336,2015-02-25 15:29:21
"467","ALI",0,2015-02-25 15:29:21
"468","PC",0,2015-02-25 15:29:21
"469","CON",0.337030191004313,2015-02-24 17:58:11
"470","LAB",0.27818853974122,2015-02-24 17:58:11
"471","SNP",0.258163894023413,2015-02-24 17:58:11
"472","LD",0.0415896487985213,2015-02-24 17:58:11
"473","DUP",0.0415896487985213,2015-02-24 17:58:11
"474","UKIP",0,2015-02-24 17:58:11
"475","SDLP",0.0107825015403574,2015-02-24 17:58:11
"476","GRN",0,2015-02-24 17:58:11
"477","SPK",0,2015-02-24 17:58:11
"478","IND",0,2015-02-24 17:58:11
"479","SF",0.0326555760936537,2015-02-24 17:58:11
"480","ALI",0,2015-02-24 17:58:11
"481","PC",0,2015-02-24 17:58:11
"482","LAB",0.316043425814234,2015-02-23 17:49:30
"483","CON",0.28648974668275,2015-02-23 17:49:30
"484","SNP",0.24788902291918,2015-02-23 17:49:30
"485","LD",0.04583835946924,2015-02-23 17:49:30
"486","DUP",0.04583835946924,2015-02-23 17:49:30
"487","UKIP",0,2015-02-23 17:49:30
"488","SDLP",0.0162846803377563,2015-02-23 17:49:30
"489","GRN",0,2015-02-23 17:49:30
"490","SPK",0,2015-02-23 17:49:30
"491","IND",0,2015-02-23 17:49:30
"492","SF",0.0416164053075995,2015-02-23 17:49:30
"493","ALI",0,2015-02-23 17:49:30
"494","PC",0,2015-02-23 17:49:30
"495","CON",0.324954572986069,2015-02-22 09:51:49
"496","LAB",0.279830405814658,2015-02-22 09:51:49
"497","SNP",0.247425802543913,2015-02-22 09:51:49
"498","LD",0.047244094488189,2015-02-22 09:51:49
"499","DUP",0.047244094488189,2015-02-22 09:51:49
"500","UKIP",0,2015-02-22 09:51:49
"501","SDLP",0.014839491217444,2015-02-22 09:51:49
"502","GRN",0,2015-02-22 09:51:49
"503","SPK",0,2015-02-22 09:51:49
"504","IND",0,2015-02-22 09:51:49
"505","SF",0.0384615384615385,2015-02-22 09:51:49
"506","ALI",0,2015-02-22 09:51:49
"507","PC",0,2015-02-22 09:51:49
"508","CON",0.323238566131026,2015-02-20 19:29:38
"509","LAB",0.296662546353523,2015-02-20 19:29:38
"510","SNP",0.276266996291718,2015-02-20 19:29:38
"511","LD",0.0271940667490729,2015-02-20 19:29:38
"512","DUP",0.0271940667490729,2015-02-20 19:29:38
"513","UKIP",0.00679851668726823,2015-02-20 19:29:38
"514","SDLP",0.0160692212608158,2015-02-20 19:29:38
"515","GRN",0,2015-02-20 19:29:38
"516","SPK",0,2015-02-20 19:29:38
"517","IND",0,2015-02-20 19:29:38
"518","SF",0.0265760197775031,2015-02-20 19:29:38
"519","ALI",0,2015-02-20 19:29:38
"520","PC",0,2015-02-20 19:29:38
"521","LAB",0.313149847094801,2015-02-19 15:23:48
"522","CON",0.299082568807339,2015-02-19 15:23:48
"523","SNP",0.266666666666667,2015-02-19 15:23:48
"524","LD",0.0324159021406728,2015-02-19 15:23:48
"525","DUP",0.0324159021406728,2015-02-19 15:23:48
"526","UKIP",0.00611620795107034,2015-02-19 15:23:48
"527","SDLP",0.018348623853211,2015-02-19 15:23:48
"528","GRN",0,2015-02-19 15:23:48
"529","SPK",0,2015-02-19 15:23:48
"530","IND",0,2015-02-19 15:23:48
"531","SF",0.0318042813455657,2015-02-19 15:23:48
"532","ALI",0,2015-02-19 15:23:48
"533","PC",0,2015-02-19 15:23:48
"534","CON",0.325144070367,2015-02-18 17:25:43
"535","LAB",0.281771307249014,2015-02-18 17:25:43
"536","SNP",0.255686988171065,2015-02-18 17:25:43
"537","LD",0.040643008795875,2015-02-18 17:25:43
"538","DUP",0.040643008795875,2015-02-18 17:25:43
"539","UKIP",0.00788595693054292,2015-02-18 17:25:43
"540","SDLP",0.0145586897179254,2015-02-18 17:25:43
"541","GRN",0,2015-02-18 17:25:43
"542","SPK",0,2015-02-18 17:25:43
"543","IND",0,2015-02-18 17:25:43
"544","SF",0.0336669699727025,2015-02-18 17:25:43
"545","ALI",0,2015-02-18 17:25:43
"546","PC",0,2015-02-18 17:25:43
"547","LAB",0.325144070367,2015-02-17 18:43:14
"548","CON",0.281771307249014,2015-02-17 18:43:14
"549","SNP",0.255686988171065,2015-02-17 18:43:14
"550","LD",0.040643008795875,2015-02-17 18:43:14
"551","DUP",0.040643008795875,2015-02-17 18:43:14
"552","UKIP",0.00788595693054292,2015-02-17 18:43:14
"553","SDLP",0.0145586897179254,2015-02-17 18:43:14
"554","GRN",0,2015-02-17 18:43:14
"555","SPK",0,2015-02-17 18:43:14
"556","IND",0,2015-02-17 18:43:14
"557","SF",0.0336669699727025,2015-02-17 18:43:14
"558","ALI",0,2015-02-17 18:43:14
"559","PC",0,2015-02-17 18:43:14
"560","LAB",0.325144070367,2015-02-16 19:41:59
"561","CON",0.281771307249014,2015-02-16 19:41:59
"562","SNP",0.255686988171065,2015-02-16 19:41:59
"563","LD",0.040643008795875,2015-02-16 19:41:59
"564","DUP",0.040643008795875,2015-02-16 19:41:59
"565","UKIP",0.00788595693054292,2015-02-16 19:41:59
"566","SDLP",0.0145586897179254,2015-02-16 19:41:59
"567","GRN",0,2015-02-16 19:41:59
"568","SPK",0,2015-02-16 19:41:59
"569","IND",0,2015-02-16 19:41:59
"570","SF",0.0336669699727025,2015-02-16 19:41:59
"571","ALI",0,2015-02-16 19:41:59
"572","PC",0,2015-02-16 19:41:59
"573","LAB",0.346223564954683,2015-02-15 09:29:20
"574","CON",0.259818731117825,2015-02-15 09:29:20
"575","SNP",0.244712990936556,2015-02-15 09:29:20
"576","LD",0.051963746223565,2015-02-15 09:29:20
"577","DUP",0.0516616314199396,2015-02-15 09:29:20
"578","UKIP",0.00664652567975831,2015-02-15 09:29:20
"579","SDLP",0.0129909365558912,2015-02-15 09:29:20
"580","GRN",0,2015-02-15 09:29:20
"581","SPK",0,2015-02-15 09:29:20
"582","IND",0,2015-02-15 09:29:20
"583","SF",0.0259818731117825,2015-02-15 09:29:20
"584","ALI",0,2015-02-15 09:29:20
"585","PC",0,2015-02-15 09:29:20
"586","LAB",0.320524277628835,2015-02-13 17:09:11
"587","CON",0.274352100089366,2015-02-13 17:09:11
"588","SNP",0.235924932975871,2015-02-13 17:09:11
"589","LD",0.0539171879654453,2015-02-13 17:09:11
"590","DUP",0.0536193029490617,2015-02-13 17:09:11
"591","UKIP",0.0074471254095919,2015-02-13 17:09:11
"592","SDLP",0.0154900208519511,2015-02-13 17:09:11
"593","GRN",0,2015-02-13 17:09:11
"594","SPK",0,2015-02-13 17:09:11
"595","IND",0,2015-02-13 17:09:11
"596","SF",0.0387250521298779,2015-02-13 17:09:11
"597","ALI",0,2015-02-13 17:09:11
"598","PC",0,2015-02-13 17:09:11
"599","LAB",0.309846698113208,2015-02-12 15:52:06
"600","CON",0.278301886792453,2015-02-12 15:52:06
"601","SNP",0.226120283018868,2015-02-12 15:52:06
"602","LD",0.0601415094339623,2015-02-12 15:52:06
"603","DUP",0.0598466981132075,2015-02-12 15:52:06
"604","UKIP",0.00795990566037736,2015-02-12 15:52:06
"605","SDLP",0.0144457547169811,2015-02-12 15:52:06
"606","GRN",0,2015-02-12 15:52:06
"607","SPK",0,2015-02-12 15:52:06
"608","IND",0,2015-02-12 15:52:06
"609","SF",0.0433372641509434,2015-02-12 15:52:06
"610","ALI",0,2015-02-12 15:52:06
"611","PC",0,2015-02-12 15:52:06
"612","LAB",0.309846698113208,2015-02-11 17:43:30
"613","CON",0.278301886792453,2015-02-11 17:43:30
"614","SNP",0.226120283018868,2015-02-11 17:43:30
"615","LD",0.0601415094339623,2015-02-11 17:43:30
"616","DUP",0.0598466981132075,2015-02-11 17:43:30
"617","UKIP",0.00795990566037736,2015-02-11 17:43:30
"618","SDLP",0.0144457547169811,2015-02-11 17:43:30
"619","GRN",0,2015-02-11 17:43:30
"620","SPK",0,2015-02-11 17:43:30
"621","IND",0,2015-02-11 17:43:30
"622","SF",0.0433372641509434,2015-02-11 17:43:30
"623","ALI",0,2015-02-11 17:43:30
"624","PC",0,2015-02-11 17:43:30
"625","CON",0.336,2015-02-10 18:03:35
"626","LAB",0.253925925925926,2015-02-10 18:03:35
"627","SNP",0.215703703703704,2015-02-10 18:03:35
"628","LD",0.0708148148148148,2015-02-10 18:03:35
"629","DUP",0.064,2015-02-10 18:03:35
"630","UKIP",0.00740740740740741,2015-02-10 18:03:35
"631","SDLP",0.0195555555555556,2015-02-10 18:03:35
"632","GRN",0,2015-02-10 18:03:35
"633","SPK",0,2015-02-10 18:03:35
"634","IND",0,2015-02-10 18:03:35
"635","SF",0.0325925925925926,2015-02-10 18:03:35
"636","ALI",0,2015-02-10 18:03:35
"637","PC",0,2015-02-10 18:03:35
"638","CON",0.336,2015-02-09 18:44:16
"639","LAB",0.253925925925926,2015-02-09 18:44:16
"640","SNP",0.215703703703704,2015-02-09 18:44:16
"641","LD",0.0708148148148148,2015-02-09 18:44:16
"642","DUP",0.064,2015-02-09 18:44:16
"643","UKIP",0.00740740740740741,2015-02-09 18:44:16
"644","SDLP",0.0195555555555556,2015-02-09 18:44:16
"645","GRN",0,2015-02-09 18:44:16
"646","SPK",0,2015-02-09 18:44:16
"647","IND",0,2015-02-09 18:44:16
"648","SF",0.0325925925925926,2015-02-09 18:44:16
"649","ALI",0,2015-02-09 18:44:16
"650","PC",0,2015-02-09 18:44:16
"651","CON",0.316793893129771,2015-02-08 12:30:04
"652","LAB",0.268349970640047,2015-02-08 12:30:04
"653","SNP",0.216382853787434,2015-02-08 12:30:04
"654","LD",0.0681150910158544,2015-02-08 12:30:04
"655","DUP",0.0660598943041691,2015-02-08 12:30:04
"656","UKIP",0.00733998825601879,2015-02-08 12:30:04
"657","SDLP",0.0161479741632413,2015-02-08 12:30:04
"658","GRN",0,2015-02-08 12:30:04
"659","SPK",0,2015-02-08 12:30:04
"660","IND",0,2015-02-08 12:30:04
"661","SF",0.0408103347034645,2015-02-08 12:30:04
"662","ALI",0,2015-02-08 12:30:04
"663","PC",0,2015-02-08 12:30:04
"664","LAB",0.312480927677754,2015-02-06 16:46:53
"665","CON",0.299969484284406,2015-02-06 16:46:53
"666","SNP",0.271589868782423,2015-02-06 16:46:53
"667","LD",0.0283796155019835,2015-02-06 16:46:53
"668","DUP",0.0283796155019835,2015-02-06 16:46:53
"669","UKIP",0.00671345743057675,2015-02-06 16:46:53
"670","SDLP",0.0131217577052182,2015-02-06 16:46:53
"671","GRN",0,2015-02-06 16:46:53
"672","SPK",0,2015-02-06 16:46:53
"673","IND",0,2015-02-06 16:46:53
"674","SF",0.0262435154104364,2015-02-06 16:46:53
"675","ALI",0,2015-02-06 16:46:53
"676","PC",0.0131217577052182,2015-02-06 16:46:53
"677","CON",0.310185185185185,2015-02-05 15:48:35
"678","LAB",0.310185185185185,2015-02-05 15:48:35
"679","SNP",0.281481481481481,2015-02-05 15:48:35
"680","LD",0.0228395061728395,2015-02-05 15:48:35
"681","DUP",0.0228395061728395,2015-02-05 15:48:35
"682","UKIP",0.00555555555555556,2015-02-05 15:48:35
"683","SDLP",0.0123456790123457,2015-02-05 15:48:35
"684","GRN",0,2015-02-05 15:48:35
"685","SPK",0,2015-02-05 15:48:35
"686","IND",0,2015-02-05 15:48:35
"687","SF",0.0222222222222222,2015-02-05 15:48:35
"688","ALI",0,2015-02-05 15:48:35
"689","PC",0.0123456790123457,2015-02-05 15:48:35
"690","LAB",0.337139423076923,2015-02-04 11:28:15
"691","CON",0.263822115384615,2015-02-04 11:28:15
"692","SNP",0.242788461538462,2015-02-04 11:28:15
"693","LD",0.0504807692307692,2015-02-04 11:28:15
"694","DUP",0.0486778846153846,2015-02-04 11:28:15
"695","UKIP",0.00691105769230769,2015-02-04 11:28:15
"696","SDLP",0.0138221153846154,2015-02-04 11:28:15
"697","GRN",0,2015-02-04 11:28:15
"698","SPK",0,2015-02-04 11:28:15
"699","IND",0,2015-02-04 11:28:15
"700","SF",0.0294471153846154,2015-02-04 11:28:15
"701","ALI",0,2015-02-04 11:28:15
"702","PC",0.00691105769230769,2015-02-04 11:28:15
"703","LAB",0.378141083863155,2015-02-03 17:36:48
"704","CON",0.228580078716318,2015-02-03 17:36:48
"705","SNP",0.223130487435665,2015-02-03 17:36:48
"706","LD",0.0735694822888283,2015-02-03 17:36:48
"707","DUP",0.0523766273085074,2015-02-03 17:36:48
"708","UKIP",0.00666061156524372,2015-02-03 17:36:48
"709","SDLP",0.0136239782016349,2015-02-03 17:36:48
"710","GRN",0,2015-02-03 17:36:48
"711","SPK",0,2015-02-03 17:36:48
"712","IND",0,2015-02-03 17:36:48
"713","SF",0.0172570390554042,2015-02-03 17:36:48
"714","ALI",0,2015-02-03 17:36:48
"715","PC",0.00666061156524372,2015-02-03 17:36:48
"716","LAB",0.314731473147315,2015-02-02 17:14:12
"717","CON",0.284728472847285,2015-02-02 17:14:12
"718","SNP",0.246024602460246,2015-02-02 17:14:12
"719","LD",0.0462046204620462,2015-02-02 17:14:12
"720","DUP",0.0462046204620462,2015-02-02 17:14:12
"721","UKIP",0.0075007500750075,2015-02-02 17:14:12
"722","SDLP",0.0156015601560156,2015-02-02 17:14:12
"723","GRN",0,2015-02-02 17:14:12
"724","SPK",0,2015-02-02 17:14:12
"725","IND",0,2015-02-02 17:14:12
"726","SF",0.039003900390039,2015-02-02 17:14:12
"727","ALI",0,2015-02-02 17:14:12
"728","PC",0,2015-02-02 17:14:12
"729","LAB",0.326488095238095,2015-02-01 14:25:44
"730","CON",0.26875,2015-02-01 14:25:44
"731","SNP",0.241071428571429,2015-02-01 14:25:44
"732","LD",0.0494047619047619,2015-02-01 14:25:44
"733","DUP",0.0476190476190476,2015-02-01 14:25:44
"734","UKIP",0.0142857142857143,2015-02-01 14:25:44
"735","SDLP",0.0142857142857143,2015-02-01 14:25:44
"736","GRN",0,2015-02-01 14:25:44
"737","SPK",0,2015-02-01 14:25:44
"738","IND",0,2015-02-01 14:25:44
"739","SF",0.031547619047619,2015-02-01 14:25:44
"740","ALI",0,2015-02-01 14:25:44
"741","PC",0.00654761904761905,2015-02-01 14:25:44
"742","LAB",0.304448295782785,2015-01-30 16:32:55
"743","CON",0.269208549971115,2015-01-30 16:32:55
"744","SNP",0.187175043327556,2015-01-30 16:32:55
"745","LD",0.0906990179087233,2015-01-30 16:32:55
"746","DUP",0.0837666088965916,2015-01-30 16:32:55
"747","UKIP",0.00866551126516464,2015-01-30 16:32:55
"748","SDLP",0.0167533217793183,2015-01-30 16:32:55
"749","GRN",0,2015-01-30 16:32:55
"750","SPK",0,2015-01-30 16:32:55
"751","IND",0,2015-01-30 16:32:55
"752","SF",0.0392836510687464,2015-01-30 16:32:55
"753","ALI",0,2015-01-30 16:32:55
"754","PC",0,2015-01-30 16:32:55
"755","CON",0.286290322580645,2015-01-29 20:20:34
"756","LAB",0.286290322580645,2015-01-29 20:20:34
"757","SNP",0.196428571428571,2015-01-29 20:20:34
"758","LD",0.081221198156682,2015-01-29 20:20:34
"759","DUP",0.0771889400921659,2015-01-29 20:20:34
"760","UKIP",0.0161290322580645,2015-01-29 20:20:34
"761","SDLP",0.0161290322580645,2015-01-29 20:20:34
"762","GRN",0,2015-01-29 20:20:34
"763","SPK",0,2015-01-29 20:20:34
"764","IND",0,2015-01-29 20:20:34
"765","SF",0.0403225806451613,2015-01-29 20:20:34
"766","ALI",0,2015-01-29 20:20:34
"767","PC",0,2015-01-29 20:20:34
"768","CON",0.286290322580645,2015-01-28 19:30:54
"769","LAB",0.286290322580645,2015-01-28 19:30:54
"770","SNP",0.196428571428571,2015-01-28 19:30:54
"771","LD",0.081221198156682,2015-01-28 19:30:54
"772","DUP",0.0771889400921659,2015-01-28 19:30:54
"773","UKIP",0.0161290322580645,2015-01-28 19:30:54
"774","SDLP",0.0161290322580645,2015-01-28 19:30:54
"775","GRN",0,2015-01-28 19:30:54
"776","SPK",0,2015-01-28 19:30:54
"777","IND",0,2015-01-28 19:30:54
"778","SF",0.0403225806451613,2015-01-28 19:30:54
"779","ALI",0,2015-01-28 19:30:54
"780","PC",0,2015-01-28 19:30:54
"781","CON",0.304096941719561,2015-01-27 19:07:09
"782","LAB",0.269186381996538,2015-01-27 19:07:09
"783","SNP",0.195037507212926,2015-01-27 19:07:09
"784","LD",0.0828043854587421,2015-01-27 19:07:09
"785","DUP",0.0761684939411425,2015-01-27 19:07:09
"786","UKIP",0.016733987305251,2015-01-27 19:07:09
"787","SDLP",0.016733987305251,2015-01-27 19:07:09
"788","GRN",0,2015-01-27 19:07:09
"789","SPK",0,2015-01-27 19:07:09
"790","IND",0,2015-01-27 19:07:09
"791","SF",0.0392383150605886,2015-01-27 19:07:09
"792","ALI",0,2015-01-27 19:07:09
"793","PC",0,2015-01-27 19:07:09
"794","LAB",0.352872215709261,2015-01-26 16:47:20
"795","CON",0.229777256740914,2015-01-26 16:47:20
"796","SNP",0.184056271981243,2015-01-26 16:47:20
"797","LD",0.0984759671746776,2015-01-26 16:47:20
"798","DUP",0.0668229777256741,2015-01-26 16:47:20
"799","UKIP",0.0169988276670574,2015-01-26 16:47:20
"800","SDLP",0.0169988276670574,2015-01-26 16:47:20
"801","GRN",0,2015-01-26 16:47:20
"802","SPK",0,2015-01-26 16:47:20
"803","IND",0,2015-01-26 16:47:20
"804","SF",0.0339976553341149,2015-01-26 16:47:20
"805","ALI",0,2015-01-26 16:47:20
"806","PC",0,2015-01-26 16:47:20
"807","LAB",0.311963365769891,2015-01-25 12:25:05
"808","CON",0.257298225529479,2015-01-25 12:25:05
"809","SNP",0.183743560389239,2015-01-25 12:25:05
"810","LD",0.0924441900400687,2015-01-25 12:25:05
"811","DUP",0.0795649685174585,2015-01-25 12:25:05
"812","UKIP",0.0188895248998283,2015-01-25 12:25:05
"813","SDLP",0.0188895248998283,2015-01-25 12:25:05
"814","GRN",0,2015-01-25 12:25:05
"815","SPK",0,2015-01-25 12:25:05
"816","IND",0,2015-01-25 12:25:05
"817","SF",0.0372066399542072,2015-01-25 12:25:05
"818","ALI",0,2015-01-25 12:25:05
"819","PC",0,2015-01-25 12:25:05
"820","LAB",0.363905325443787,2015-01-23 17:31:32
"821","CON",0.225443786982249,2015-01-23 17:31:32
"822","SNP",0.193491124260355,2015-01-23 17:31:32
"823","LD",0.0928994082840237,2015-01-23 17:31:32
"824","DUP",0.0609467455621302,2015-01-23 17:31:32
"825","UKIP",0.0168639053254438,2015-01-23 17:31:32
"826","SDLP",0.0168639053254438,2015-01-23 17:31:32
"827","GRN",0,2015-01-23 17:31:32
"828","SPK",0,2015-01-23 17:31:32
"829","IND",0,2015-01-23 17:31:32
"830","SF",0.029585798816568,2015-01-23 17:31:32
"831","ALI",0,2015-01-23 17:31:32
"832","PC",0,2015-01-23 17:31:32
"833","LAB",0.292906178489703,2015-01-22 18:37:58
"834","CON",0.27545766590389,2015-01-22 18:37:58
"835","SNP",0.193363844393593,2015-01-22 18:37:58
"836","LD",0.0820938215102975,2015-01-22 18:37:58
"837","DUP",0.0755148741418764,2015-01-22 18:37:58
"838","UKIP",0.0165903890160183,2015-01-22 18:37:58
"839","SDLP",0.0165903890160183,2015-01-22 18:37:58
"840","GRN",0,2015-01-22 18:37:58
"841","SPK",0,2015-01-22 18:37:58
"842","IND",0,2015-01-22 18:37:58
"843","SF",0.0389016018306636,2015-01-22 18:37:58
"844","ALI",0,2015-01-22 18:37:58
"845","PC",0.0085812356979405,2015-01-22 18:37:58
"846","CON",0.292906178489703,2015-01-21 20:03:43
"847","LAB",0.27545766590389,2015-01-21 20:03:43
"848","SNP",0.193363844393593,2015-01-21 20:03:43
"849","LD",0.0820938215102975,2015-01-21 20:03:43
"850","DUP",0.0755148741418764,2015-01-21 20:03:43
"851","UKIP",0.0165903890160183,2015-01-21 20:03:43
"852","SDLP",0.0165903890160183,2015-01-21 20:03:43
"853","GRN",0,2015-01-21 20:03:43
"854","SPK",0,2015-01-21 20:03:43
"855","IND",0,2015-01-21 20:03:43
"856","SF",0.0389016018306636,2015-01-21 20:03:43
"857","ALI",0,2015-01-21 20:03:43
"858","PC",0.0085812356979405,2015-01-21 20:03:43
"859","CON",0.285919540229885,2015-01-20 17:12:27
"860","LAB",0.285919540229885,2015-01-20 17:12:27
"861","SNP",0.203448275862069,2015-01-20 17:12:27
"862","LD",0.0741379310344828,2015-01-20 17:12:27
"863","DUP",0.0706896551724138,2015-01-20 17:12:27
"864","UKIP",0.0160919540229885,2015-01-20 17:12:27
"865","SDLP",0.0160919540229885,2015-01-20 17:12:27
"866","GRN",0,2015-01-20 17:12:27
"867","SPK",0,2015-01-20 17:12:27
"868","IND",0,2015-01-20 17:12:27
"869","SF",0.0402298850574713,2015-01-20 17:12:27
"870","ALI",0,2015-01-20 17:12:27
"871","PC",0.00747126436781609,2015-01-20 17:12:27
"872","LAB",0.319416642836717,2015-01-19 18:21:04
"873","CON",0.24907063197026,2015-01-19 18:21:04
"874","SNP",0.182728052616528,2015-01-19 18:21:04
"875","LD",0.0929368029739777,2015-01-19 18:21:04
"876","DUP",0.0757792393480126,2015-01-19 18:21:04
"877","UKIP",0.0180154418072634,2015-01-19 18:21:04
"878","SDLP",0.0180154418072634,2015-01-19 18:21:04
"879","GRN",0,2015-01-19 18:21:04
"880","SPK",0,2015-01-19 18:21:04
"881","IND",0,2015-01-19 18:21:04
"882","SF",0.0363168430082928,2015-01-19 18:21:04
"883","ALI",0,2015-01-19 18:21:04
"884","PC",0.0077209036316843,2015-01-19 18:21:04
"885","LAB",0.310177244139508,2015-01-18 14:05:52
"886","CON",0.25871926815323,2015-01-18 14:05:52
"887","SNP",0.192395654659806,2015-01-18 14:05:52
"888","LD",0.0837621497998857,2015-01-18 14:05:52
"889","DUP",0.0737564322469983,2015-01-18 14:05:52
"890","UKIP",0.0174385363064608,2015-01-18 14:05:52
"891","SDLP",0.0174385363064608,2015-01-18 14:05:52
"892","GRN",0,2015-01-18 14:05:52
"893","SPK",0,2015-01-18 14:05:52
"894","IND",0,2015-01-18 14:05:52
"895","SF",0.0374499714122356,2015-01-18 14:05:52
"896","ALI",0,2015-01-18 14:05:52
"897","PC",0.00886220697541452,2015-01-18 14:05:52
"898","LAB",0.359930110658125,2015-01-16 16:36:17
"899","CON",0.220733838089691,2015-01-16 16:36:17
"900","SNP",0.181712288875946,2015-01-16 16:36:17
"901","LD",0.100757134536983,2015-01-16 16:36:17
"902","DUP",0.0617355853232382,2015-01-16 16:36:17
"903","UKIP",0.016598718695399,2015-01-16 16:36:17
"904","SDLP",0.016598718695399,2015-01-16 16:36:17
"905","GRN",0,2015-01-16 16:36:17
"906","SPK",0,2015-01-16 16:36:17
"907","IND",0,2015-01-16 16:36:17
"908","SF",0.0326150262085032,2015-01-16 16:36:17
"909","ALI",0,2015-01-16 16:36:17
"910","PC",0.0093185789167152,2015-01-16 16:36:17
"911","LAB",0.402944711538462,2015-01-15 19:54:19
"912","CON",0.19921875,2015-01-15 19:54:19
"913","SNP",0.181490384615385,2015-01-15 19:54:19
"914","LD",0.112980769230769,2015-01-15 19:54:19
"915","DUP",0.0435697115384615,2015-01-15 19:54:19
"916","UKIP",0.0132211538461538,2015-01-15 19:54:19
"917","SDLP",0.0132211538461538,2015-01-15 19:54:19
"918","GRN",0,2015-01-15 19:54:19
"919","SPK",0,2015-01-15 19:54:19
"920","IND",0,2015-01-15 19:54:19
"921","SF",0.0276442307692308,2015-01-15 19:54:19
"922","ALI",0,2015-01-15 19:54:19
"923","PC",0.00570913461538462,2015-01-15 19:54:19
"924","LAB",0.302847282139776,2015-01-14 15:30:17
"925","CON",0.269485188380788,2015-01-14 15:30:17
"926","SNP",0.202761000862813,2015-01-14 15:30:17
"927","LD",0.0750647109577222,2015-01-14 15:30:17
"928","DUP",0.0698878343399482,2015-01-14 15:30:17
"929","UKIP",0.0163934426229508,2015-01-14 15:30:17
"930","SDLP",0.0163934426229508,2015-01-14 15:30:17
"931","GRN",0,2015-01-14 15:30:17
"932","SPK",0,2015-01-14 15:30:17
"933","IND",0,2015-01-14 15:30:17
"934","SF",0.0388265746333046,2015-01-14 15:30:17
"935","ALI",0,2015-01-14 15:30:17
"936","PC",0.00834052343974691,2015-01-14 15:30:17
"937","LAB",0.319416642836717,2015-01-13 18:33:21
"938","CON",0.24907063197026,2015-01-13 18:33:21
"939","SNP",0.182728052616528,2015-01-13 18:33:21
"940","LD",0.0929368029739777,2015-01-13 18:33:21
"941","DUP",0.0757792393480126,2015-01-13 18:33:21
"942","UKIP",0.0180154418072634,2015-01-13 18:33:21
"943","SDLP",0.0180154418072634,2015-01-13 18:33:21
"944","GRN",0,2015-01-13 18:33:21
"945","SPK",0,2015-01-13 18:33:21
"946","IND",0,2015-01-13 18:33:21
"947","SF",0.0363168430082928,2015-01-13 18:33:21
"948","ALI",0,2015-01-13 18:33:21
"949","PC",0.0077209036316843,2015-01-13 18:33:21
"950","CON",0.319416642836717,2015-01-12 18:46:54
"951","LAB",0.24907063197026,2015-01-12 18:46:54
"952","SNP",0.182728052616528,2015-01-12 18:46:54
"953","LD",0.0929368029739777,2015-01-12 18:46:54
"954","DUP",0.0757792393480126,2015-01-12 18:46:54
"955","UKIP",0.0180154418072634,2015-01-12 18:46:54
"956","SDLP",0.0180154418072634,2015-01-12 18:46:54
"957","GRN",0,2015-01-12 18:46:54
"958","SPK",0,2015-01-12 18:46:54
"959","IND",0,2015-01-12 18:46:54
"960","SF",0.0363168430082928,2015-01-12 18:46:54
"961","ALI",0,2015-01-12 18:46:54
"962","PC",0.0077209036316843,2015-01-12 18:46:54
"963","CON",0.313298490127758,2015-01-09 16:22:40
"964","LAB",0.264808362369338,2015-01-09 16:22:40
"965","SNP",0.212253193960511,2015-01-09 16:22:40
"966","LD",0.0685249709639954,2015-01-09 16:22:40
"967","DUP",0.063588850174216,2015-01-09 16:22:40
"968","UKIP",0.0159698025551684,2015-01-09 16:22:40
"969","SDLP",0.0159698025551684,2015-01-09 16:22:40
"970","GRN",0,2015-01-09 16:22:40
"971","SPK",0,2015-01-09 16:22:40
"972","IND",0,2015-01-09 16:22:40
"973","SF",0.0368757259001161,2015-01-09 16:22:40
"974","ALI",0,2015-01-09 16:22:40
"975","PC",0.00871080139372822,2015-01-09 16:22:40
"976","CON",0.302847282139776,2015-01-08 12:55:19
"977","LAB",0.269485188380788,2015-01-08 12:55:19
"978","SNP",0.202761000862813,2015-01-08 12:55:19
"979","LD",0.0750647109577222,2015-01-08 12:55:19
"980","DUP",0.0698878343399482,2015-01-08 12:55:19
"981","UKIP",0.0163934426229508,2015-01-08 12:55:19
"982","SDLP",0.0163934426229508,2015-01-08 12:55:19
"983","GRN",0,2015-01-08 12:55:19
"984","SPK",0,2015-01-08 12:55:19
"985","IND",0,2015-01-08 12:55:19
"986","SF",0.0388265746333046,2015-01-08 12:55:19
"987","ALI",0,2015-01-08 12:55:19
"988","PC",0.00834052343974691,2015-01-08 12:55:19
"989","LAB",0.316455696202532,2015-01-07 18:10:56
"990","CON",0.271415955254636,2015-01-07 18:10:56
"991","SNP",0.231969384751251,2015-01-07 18:10:56
"992","LD",0.0544598174860171,2015-01-07 18:10:56
"993","DUP",0.0526935531351192,2015-01-07 18:10:56
"994","UKIP",0.0150132469826317,2015-01-07 18:10:56
"995","SDLP",0.0150132469826317,2015-01-07 18:10:56
"996","GRN",0,2015-01-07 18:10:56
"997","SPK",0,2015-01-07 18:10:56
"998","IND",0,2015-01-07 18:10:56
"999","SF",0.035325287017957,2015-01-07 18:10:56
"1000","ALI",0,2015-01-07 18:10:56
"1001","PC",0.00765381218722402,2015-01-07 18:10:56
"1002","LAB",0.379494799405646,2015-01-06 09:39:05
"1003","CON",0.215156017830609,2015-01-06 09:39:05
"1004","SNP",0.197622585438336,2015-01-06 09:39:05
"1005","LD",0.0927191679049034,2015-01-06 09:39:05
"1006","DUP",0.0528974739970282,2015-01-06 09:39:05
"1007","UKIP",0.0148588410104012,2015-01-06 09:39:05
"1008","SDLP",0.0148588410104012,2015-01-06 09:39:05
"1009","GRN",0,2015-01-06 09:39:05
"1010","SPK",0,2015-01-06 09:39:05
"1011","IND",0,2015-01-06 09:39:05
"1012","SF",0.024962852897474,2015-01-06 09:39:05
"1013","ALI",0,2015-01-06 09:39:05
"1014","PC",0.00742942050520059,2015-01-06 09:39:05
"1015","LAB",0.340227206524905,2015-01-05 22:48:39
"1016","CON",0.240023303233324,2015-01-05 22:48:39
"1017","SNP",0.200990387416254,2015-01-05 22:48:39
"1018","LD",0.0809787357995922,2015-01-05 22:48:39
"1019","DUP",0.0637926012234197,2015-01-05 22:48:39
"1020","UKIP",0.0171861345761724,2015-01-05 22:48:39
"1021","SDLP",0.0171861345761724,2015-01-05 22:48:39
"1022","GRN",0,2015-01-05 22:48:39
"1023","SPK",0,2015-01-05 22:48:39
"1024","IND",0,2015-01-05 22:48:39
"1025","SF",0.0314593649868919,2015-01-05 22:48:39
"1026","ALI",0,2015-01-05 22:48:39
"1027","PC",0.00815613166326828,2015-01-05 22:48:39
"1028","LAB",0.360424028268551,2015-01-04 10:41:33
"1029","CON",0.227031802120141,2015-01-04 10:41:33
"1030","SNP",0.199646643109541,2015-01-04 10:41:33
"1031","LD",0.0862779740871614,2015-01-04 10:41:33
"1032","DUP",0.0588928150765607,2015-01-04 10:41:33
"1033","UKIP",0.016489988221437,2015-01-04 10:41:33
"1034","SDLP",0.016489988221437,2015-01-04 10:41:33
"1035","GRN",0,2015-01-04 10:41:33
"1036","SPK",0,2015-01-04 10:41:33
"1037","IND",0,2015-01-04 10:41:33
"1038","SF",0.0276796230859835,2015-01-04 10:41:33
"1039","ALI",0,2015-01-04 10:41:33
"1040","PC",0.00706713780918728,2015-01-04 10:41:33
"1041","LAB",0.403997577225924,2015-01-02 10:34:29
"1042","CON",0.204421562689279,2015-01-02 10:34:29
"1043","SNP",0.199273167777105,2015-01-02 10:34:29
"1044","LD",0.099030890369473,2015-01-02 10:34:29
"1045","DUP",0.0442156268927922,2015-01-02 10:34:29
"1046","UKIP",0.0105996365838886,2015-01-02 10:34:29
"1047","SDLP",0.0105996365838886,2015-01-02 10:34:29
"1048","GRN",0,2015-01-02 10:34:29
"1049","SPK",0,2015-01-02 10:34:29
"1050","IND",0,2015-01-02 10:34:29
"1051","SF",0.0215021199273168,2015-01-02 10:34:29
"1052","ALI",0,2015-01-02 10:34:29
"1053","PC",0.00635978195033313,2015-01-02 10:34:29
"1054","LAB",0.381697772426249,2014-12-28 16:59:28
"1055","CON",0.222456351595424,2014-12-28 16:59:28
"1056","SNP",0.21733895243829,2014-12-28 16:59:28
"1057","LD",0.0785671282360024,2014-12-28 16:59:28
"1058","DUP",0.0505719446116797,2014-12-28 16:59:28
"1059","UKIP",0.0123419626730885,2014-12-28 16:59:28
"1060","SDLP",0.0123419626730885,2014-12-28 16:59:28
"1061","GRN",0,2014-12-28 16:59:28
"1062","SPK",0,2014-12-28 16:59:28
"1063","IND",0,2014-12-28 16:59:28
"1064","SF",0.0189644792293799,2014-12-28 16:59:28
"1065","ALI",0,2014-12-28 16:59:28
"1066","PC",0.00571944611679711,2014-12-28 16:59:28
"1067","LAB",0.340889019723285,2014-12-23 16:38:26
"1068","CON",0.246982631733883,2014-12-23 16:38:26
"1069","SNP",0.219605534294966,2014-12-23 16:38:26
"1070","LD",0.066823667942302,2014-12-23 16:38:26
"1071","DUP",0.0568148366205475,2014-12-23 16:38:26
"1072","UKIP",0.0158963791580807,2014-12-23 16:38:26
"1073","SDLP",0.0158963791580807,2014-12-23 16:38:26
"1074","GRN",0,2014-12-23 16:38:26
"1075","SPK",0,2014-12-23 16:38:26
"1076","IND",0,2014-12-23 16:38:26
"1077","SF",0.0288489843979982,2014-12-23 16:38:26
"1078","ALI",0,2014-12-23 16:38:26
"1079","PC",0.00824256697085664,2014-12-23 16:38:26
"1080","LAB",0.297934244981088,2014-12-09 13:23:30
"1081","CON",0.281640965958685,2014-12-09 13:23:30
"1082","SNP",0.22170497526913,2014-12-09 13:23:30
"1083","LD",0.0599359906895548,2014-12-09 13:23:30
"1084","UKIP",0.0145475705557172,2014-12-09 13:23:30
"1085","DUP",0.0578993308117544,2014-12-09 13:23:30
"1086","SDLP",0.0145475705557172,2014-12-09 13:23:30
"1087","GRN",0,2014-12-09 13:23:30
"1088","SPK",0,2014-12-09 13:23:30
"1089","IND",0,2014-12-09 13:23:30
"1090","SF",0.037241780622636,2014-12-09 13:23:30
"1091","ALI",0,2014-12-09 13:23:30
"1092","PC",0.0145475705557172,2014-12-09 13:23:30
"1093","LAB",0.303833957912943,2014-12-08 17:02:03
"1094","CON",0.270106658979533,2014-12-08 17:02:03
"1095","SNP",0.210723551455751,2014-12-08 17:02:03
"1096","LD",0.0680311328913231,2014-12-08 17:02:03
"1097","UKIP",0.0158547131738253,2014-12-08 17:02:03
"1098","DUP",0.0631305851830499,2014-12-08 17:02:03
"1099","SDLP",0.0158547131738253,2014-12-08 17:02:03
"1100","GRN",0,2014-12-08 17:02:03
"1101","SPK",0,2014-12-08 17:02:03
"1102","IND",0,2014-12-08 17:02:03
"1103","SF",0.0366099740559239,2014-12-08 17:02:03
"1104","ALI",0,2014-12-08 17:02:03
"1105","PC",0.0158547131738253,2014-12-08 17:02:03
"1106","CON",0.355068168346177,2014-12-07 13:22:14
"1107","LAB",0.238589211618257,2014-12-07 13:22:14
"1108","SNP",0.224066390041494,2014-12-07 13:22:14
"1109","LD",0.0660936573799644,2014-12-07 13:22:14
"1110","UKIP",0.013633669235329,2014-12-07 13:22:14
"1111","DUP",0.0515708358032009,2014-12-07 13:22:14
"1112","SDLP",0.013633669235329,2014-12-07 13:22:14
"1113","GRN",0,2014-12-07 13:22:14
"1114","SPK",0,2014-12-07 13:22:14
"1115","IND",0,2014-12-07 13:22:14
"1116","SF",0.02371072910492,2014-12-07 13:22:14
"1117","ALI",0,2014-12-07 13:22:14
"1118","PC",0.013633669235329,2014-12-07 13:22:14
"1119","CON",0.355068168346177,2014-12-07 11:53:36
"1120","LAB",0.238589211618257,2014-12-07 11:53:36
"1121","LD",0.0660936573799644,2014-12-07 11:53:36
"1122","SNP",0.224066390041494,2014-12-07 11:53:36
"1123","UKIP",0.013633669235329,2014-12-07 11:53:36
"1124","DUP",0.0515708358032009,2014-12-07 11:53:36
"1125","SDLP",0.013633669235329,2014-12-07 11:53:36
"1126","GRN",0,2014-12-07 11:53:36
"1127","SPK",0,2014-12-07 11:53:36
"1128","IND",0,2014-12-07 11:53:36
"1129","SF",0.02371072910492,2014-12-07 11:53:36
"1130","ALI",0,2014-12-07 11:53:36
"1131","PC",0.013633669235329,2014-12-07 11:53:36
"1132","CON",0.312680949623625,2014-12-05 10:58:08
"1133","LAB",0.265199768384482,2014-12-05 10:58:08
"1134","LD",0.0622466705269253,2014-12-05 10:58:08
"1135","SNP",0.219166184134337,2014-12-05 10:58:08
"1136","UKIP",0.0162130862767805,2014-12-05 10:58:08
"1137","DUP",0.0576143601621309,2014-12-05 10:58:08
"1138","SDLP",0.0162130862767805,2014-12-05 10:58:08
"1139","GRN",0,2014-12-05 10:58:08
"1140","SPK",0,2014-12-05 10:58:08
"1141","IND",0,2014-12-05 10:58:08
"1142","SF",0.0344528083381587,2014-12-05 10:58:08
"1143","ALI",0,2014-12-05 10:58:08
"1144","PC",0.0162130862767805,2014-12-05 10:58:08
"1145","CON",0.359347181008902,2014-12-04 13:11:58
"1146","LAB",0.231454005934718,2014-12-04 13:11:58
"1147","LD",0.0795252225519288,2014-12-04 13:11:58
"1148","SNP",0.207418397626113,2014-12-04 13:11:58
"1149","UKIP",0.013353115727003,2014-12-04 13:11:58
"1150","DUP",0.0554896142433234,2014-12-04 13:11:58
"1151","SDLP",0.013353115727003,2014-12-04 13:11:58
"1152","GRN",0,2014-12-04 13:11:58
"1153","SPK",0,2014-12-04 13:11:58
"1154","IND",0,2014-12-04 13:11:58
"1155","SF",0.0267062314540059,2014-12-04 13:11:58
"1156","ALI",0,2014-12-04 13:11:58
"1157","PC",0.013353115727003,2014-12-04 13:11:58
"1158","CON",0.309204901681391,2014-12-03 19:20:03
"1159","LAB",0.259048161869478,2014-12-03 19:20:03
"1160","LD",0.0760900541464805,2014-12-03 19:20:03
"1161","SNP",0.200341977771445,2014-12-03 19:20:03
"1162","UKIP",0.0173838700484468,2014-12-03 19:20:03
"1163","DUP",0.0675406098603591,2014-12-03 19:20:03
"1164","SDLP",0.0173838700484468,2014-12-03 19:20:03
"1165","GRN",0,2014-12-03 19:20:03
"1166","SPK",0,2014-12-03 19:20:03
"1167","IND",0,2014-12-03 19:20:03
"1168","SF",0.0356226845255058,2014-12-03 19:20:03
"1169","ALI",0,2014-12-03 19:20:03
"1170","PC",0.0173838700484468,2014-12-03 19:20:03
"1171","CON",0.303833957912943,2014-12-02 10:24:15
"1172","LAB",0.270106658979533,2014-12-02 10:24:15
"1173","LD",0.0680311328913231,2014-12-02 10:24:15
"1174","SNP",0.210723551455751,2014-12-02 10:24:15
"1175","UKIP",0.0158547131738253,2014-12-02 10:24:15
"1176","DUP",0.0631305851830499,2014-12-02 10:24:15
"1177","SDLP",0.0158547131738253,2014-12-02 10:24:15
"1178","GRN",0,2014-12-02 10:24:15
"1179","SPK",0,2014-12-02 10:24:15
"1180","IND",0,2014-12-02 10:24:15
"1181","SF",0.0366099740559239,2014-12-02 10:24:15
"1182","ALI",0,2014-12-02 10:24:15
"1183","PC",0.0158547131738253,2014-12-02 10:24:15
"1184","CON",0.265022675736961,2014-12-01 16:49:49
"1185","LAB",0.299036281179138,2014-12-01 16:49:49
"1186","LD",0.0830498866213152,2014-12-01 16:49:49
"1187","SNP",0.190759637188209,2014-12-01 16:49:49
"1188","UKIP",0.0172902494331066,2014-12-01 16:49:49
"1189","DUP",0.0731292517006803,2014-12-01 16:49:49
"1190","SDLP",0.0172902494331066,2014-12-01 16:49:49
"1191","GRN",0,2014-12-01 16:49:49
"1192","SPK",0,2014-12-01 16:49:49
"1193","IND",0,2014-12-01 16:49:49
"1194","SF",0.0371315192743764,2014-12-01 16:49:49
"1195","ALI",0,2014-12-01 16:49:49
"1196","PC",0.0172902494331066,2014-12-01 16:49:49
"1197","CON",0.288288288288288,2014-11-30 10:41:34
"1198","LAB",0.271677927927928,2014-11-30 10:41:34
"1199","LD",0.0838963963963964,2014-11-30 10:41:34
"1200","SNP",0.187781531531532,2014-11-30 10:41:34
"1201","UKIP",0.0256193693693694,2014-11-30 10:41:34
"1202","DUP",0.071509009009009,2014-11-30 10:41:34
"1203","SDLP",0.0177364864864865,2014-11-30 10:41:34
"1204","GRN",0,2014-11-30 10:41:34
"1205","SPK",0,2014-11-30 10:41:34
"1206","IND",0,2014-11-30 10:41:34
"1207","SF",0.0357545045045045,2014-11-30 10:41:34
"1208","ALI",0,2014-11-30 10:41:34
"1209","PC",0.0177364864864865,2014-11-30 10:41:34
"1210","CON",0.357122219011846,2014-11-28 15:00:25
"1211","LAB",0.218722912453048,2014-11-28 15:00:25
"1212","LD",0.107772320138688,2014-11-28 15:00:25
"1213","SNP",0.17220456515458,2014-11-28 15:00:25
"1214","UKIP",0.0242704420687663,2014-11-28 15:00:25
"1215","DUP",0.0612539728402196,2014-11-28 15:00:25
"1216","SDLP",0.0153134932100549,2014-11-28 15:00:25
"1217","GRN",0,2014-11-28 15:00:25
"1218","SPK",0,2014-11-28 15:00:25
"1219","IND",0,2014-11-28 15:00:25
"1220","SF",0.0335163247616296,2014-11-28 15:00:25
"1221","ALI",0,2014-11-28 15:00:25
"1222","PC",0.00982375036116729,2014-11-28 15:00:25
"1223","CON",0.327153451226469,2014-11-27 15:22:23
"1224","LAB",0.240730176839703,2014-11-27 15:22:23
"1225","LD",0.0946948088990302,2014-11-27 15:22:23
"1226","SNP",0.181118083285796,2014-11-27 15:22:23
"1227","UKIP",0.0265259555048488,2014-11-27 15:22:23
"1228","DUP",0.0710211066742727,2014-11-27 15:22:23
"1229","SDLP",0.0168282943525385,2014-11-27 15:22:23
"1230","GRN",0,2014-11-27 15:22:23
"1231","SPK",0,2014-11-27 15:22:23
"1232","IND",0,2014-11-27 15:22:23
"1233","SF",0.0350827153451226,2014-11-27 15:22:23
"1234","ALI",0,2014-11-27 15:22:23
"1235","PC",0.00684540787221905,2014-11-27 15:22:23
"1236","CON",0.289947704822777,2014-11-26 15:02:28
"1237","LAB",0.289947704822777,2014-11-26 15:02:28
"1238","LD",0.0598489250435793,2014-11-26 15:02:28
"1239","SNP",0.222545031958164,2014-11-26 15:02:28
"1240","UKIP",0.0156885531667635,2014-11-26 15:02:28
"1241","DUP",0.0592678675188844,2014-11-26 15:02:28
"1242","SDLP",0.0156885531667635,2014-11-26 15:02:28
"1243","GRN",0,2014-11-26 15:02:28
"1244","SPK",0,2014-11-26 15:02:28
"1245","IND",0,2014-11-26 15:02:28
"1246","SF",0.0400929692039512,2014-11-26 15:02:28
"1247","ALI",0,2014-11-26 15:02:28
"1248","PC",0.00697269029633934,2014-11-26 15:02:28
"1249","CON",0.275379229871645,2014-11-25 18:07:44
"1250","LAB",0.306301050175029,2014-11-25 18:07:44
"1251","LD",0.0603850641773629,2014-11-25 18:07:44
"1252","SNP",0.222578763127188,2014-11-25 18:07:44
"1253","UKIP",0.0154609101516919,2014-11-25 18:07:44
"1254","DUP",0.058634772462077,2014-11-25 18:07:44
"1255","SDLP",0.0154609101516919,2014-11-25 18:07:44
"1256","GRN",0,2014-11-25 18:07:44
"1257","SPK",0,2014-11-25 18:07:44
"1258","IND",0,2014-11-25 18:07:44
"1259","SF",0.0382147024504084,2014-11-25 18:07:44
"1260","ALI",0,2014-11-25 18:07:44
"1261","PC",0.00758459743290548,2014-11-25 18:07:44
"1262","CON",0.281367719501594,2014-11-24 18:00:24
"1263","LAB",0.296725586786439,2014-11-24 18:00:24
"1264","LD",0.0605621558968415,2014-11-24 18:00:24
"1265","SNP",0.220805563604752,2014-11-24 18:00:24
"1266","UKIP",0.0231816864676905,2014-11-24 18:00:24
"1267","DUP",0.0585337583309186,2014-11-24 18:00:24
"1268","SDLP",0.0168067226890756,2014-11-24 18:00:24
"1269","GRN",0,2014-11-24 18:00:24
"1270","SPK",0,2014-11-24 18:00:24
"1271","IND",0,2014-11-24 18:00:24
"1272","SF",0.0353520718632281,2014-11-24 18:00:24
"1273","ALI",0,2014-11-24 18:00:24
"1274","PC",0.00666473485946103,2014-11-24 18:00:24
"1275","CON",0.330026262036767,2014-11-23 09:31:29
"1276","LAB",0.252407353370295,2014-11-23 09:31:29
"1277","LD",0.0656550919171287,2014-11-23 09:31:29
"1278","SNP",0.217974905164867,2014-11-23 09:31:29
"1279","UKIP",0.0233440326816458,2014-11-23 09:31:29
"1280","DUP",0.0560256784359498,2014-11-23 09:31:29
"1281","SDLP",0.014298220017508,2014-11-23 09:31:29
"1282","GRN",0,2014-11-23 09:31:29
"1283","SPK",0,2014-11-23 09:31:29
"1284","IND",0,2014-11-23 09:31:29
"1285","SF",0.0312226437117012,2014-11-23 09:31:29
"1286","ALI",0,2014-11-23 09:31:29
"1287","PC",0.00904581266413773,2014-11-23 09:31:29
"1288","CON",0.338828377980571,2014-11-21 13:00:50
"1289","LAB",0.249926405652046,2014-11-21 13:00:50
"1290","LD",0.0615248748896085,2014-11-21 13:00:50
"1291","SNP",0.225787459523109,2014-11-21 13:00:50
"1292","UKIP",0.0220783043862231,2014-11-21 13:00:50
"1293","DUP",0.0518104209596703,2014-11-21 13:00:50
"1294","SDLP",0.0141301148071828,2014-11-21 13:00:50
"1295","GRN",0,2014-11-21 13:00:50
"1296","SPK",0,2014-11-21 13:00:50
"1297","IND",0,2014-11-21 13:00:50
"1298","SF",0.0282602296143656,2014-11-21 13:00:50
"1299","ALI",0,2014-11-21 13:00:50
"1300","PC",0.00765381218722402,2014-11-21 13:00:50
