"","Party","Seats","date"
"1","CON",280,2015-04-19 00:02:25
"2","LAB",276,2015-04-19 00:02:25
"3","SNP",43,2015-04-19 00:02:25
"4","LD",26,2015-04-19 00:02:25
"5","DUP",8,2015-04-19 00:02:25
"6","UKIP",1,2015-04-19 00:02:25
"7","SDLP",3,2015-04-19 00:02:25
"8","GRN",1,2015-04-19 00:02:25
"9","SPK",1,2015-04-19 00:02:25
"10","IND",1,2015-04-19 00:02:25
"11","SF",5,2015-04-19 00:02:25
"12","ALI",1,2015-04-19 00:02:25
"13","PC",4,2015-04-19 00:02:25
"14","CON",280,2015-04-18 00:02:24
"15","LAB",275,2015-04-18 00:02:24
"16","SNP",43,2015-04-18 00:02:24
"17","LD",27,2015-04-18 00:02:24
"18","DUP",8,2015-04-18 00:02:24
"19","UKIP",1,2015-04-18 00:02:24
"20","SDLP",3,2015-04-18 00:02:24
"21","GRN",1,2015-04-18 00:02:24
"22","SPK",1,2015-04-18 00:02:24
"23","IND",1,2015-04-18 00:02:24
"24","SF",5,2015-04-18 00:02:24
"25","ALI",1,2015-04-18 00:02:24
"26","PC",4,2015-04-18 00:02:24
"27","CON",280,2015-04-17 00:02:25
"28","LAB",277,2015-04-17 00:02:25
"29","SNP",42,2015-04-17 00:02:25
"30","LD",27,2015-04-17 00:02:25
"31","DUP",8,2015-04-17 00:02:25
"32","UKIP",1,2015-04-17 00:02:25
"33","SDLP",3,2015-04-17 00:02:25
"34","GRN",1,2015-04-17 00:02:25
"35","SPK",1,2015-04-17 00:02:25
"36","IND",1,2015-04-17 00:02:25
"37","SF",5,2015-04-17 00:02:25
"38","ALI",1,2015-04-17 00:02:25
"39","PC",3,2015-04-17 00:02:25
"40","CON",284,2015-04-16 00:02:25
"41","LAB",273,2015-04-16 00:02:25
"42","SNP",43,2015-04-16 00:02:25
"43","LD",26,2015-04-16 00:02:25
"44","DUP",9,2015-04-16 00:02:25
"45","UKIP",1,2015-04-16 00:02:25
"46","SDLP",3,2015-04-16 00:02:25
"47","GRN",1,2015-04-16 00:02:25
"48","SPK",1,2015-04-16 00:02:25
"49","IND",1,2015-04-16 00:02:25
"50","SF",5,2015-04-16 00:02:25
"51","ALI",1,2015-04-16 00:02:25
"52","PC",2,2015-04-16 00:02:25
"53","CON",286,2015-04-15 00:02:22
"54","LAB",271,2015-04-15 00:02:22
"55","SNP",43,2015-04-15 00:02:22
"56","LD",26,2015-04-15 00:02:22
"57","DUP",9,2015-04-15 00:02:22
"58","UKIP",1,2015-04-15 00:02:22
"59","SDLP",3,2015-04-15 00:02:22
"60","GRN",1,2015-04-15 00:02:22
"61","SPK",1,2015-04-15 00:02:22
"62","IND",1,2015-04-15 00:02:22
"63","SF",5,2015-04-15 00:02:22
"64","ALI",1,2015-04-15 00:02:22
"65","PC",2,2015-04-15 00:02:22
"66","CON",284,2015-04-14 00:02:25
"67","LAB",276,2015-04-14 00:02:25
"68","SNP",41,2015-04-14 00:02:25
"69","LD",25,2015-04-14 00:02:25
"70","DUP",8,2015-04-14 00:02:25
"71","UKIP",1,2015-04-14 00:02:25
"72","SDLP",3,2015-04-14 00:02:25
"73","GRN",1,2015-04-14 00:02:25
"74","SPK",1,2015-04-14 00:02:25
"75","IND",1,2015-04-14 00:02:25
"76","SF",5,2015-04-14 00:02:25
"77","ALI",1,2015-04-14 00:02:25
"78","PC",3,2015-04-14 00:02:25
"79","CON",283,2015-04-13 00:02:24
"80","LAB",274,2015-04-13 00:02:24
"81","SNP",42,2015-04-13 00:02:24
"82","LD",27,2015-04-13 00:02:24
"83","DUP",8,2015-04-13 00:02:24
"84","UKIP",1,2015-04-13 00:02:24
"85","SDLP",3,2015-04-13 00:02:24
"86","GRN",1,2015-04-13 00:02:24
"87","SPK",1,2015-04-13 00:02:24
"88","IND",1,2015-04-13 00:02:24
"89","SF",5,2015-04-13 00:02:24
"90","ALI",1,2015-04-13 00:02:24
"91","PC",3,2015-04-13 00:02:24
"92","CON",281,2015-04-12 00:02:25
"93","LAB",277,2015-04-12 00:02:25
"94","SNP",41,2015-04-12 00:02:25
"95","LD",28,2015-04-12 00:02:25
"96","DUP",8,2015-04-12 00:02:25
"97","UKIP",1,2015-04-12 00:02:25
"98","SDLP",3,2015-04-12 00:02:25
"99","GRN",1,2015-04-12 00:02:25
"100","SPK",1,2015-04-12 00:02:25
"101","IND",1,2015-04-12 00:02:25
"102","SF",5,2015-04-12 00:02:25
"103","ALI",1,2015-04-12 00:02:25
"104","PC",2,2015-04-12 00:02:25
"105","CON",281,2015-04-11 00:02:25
"106","LAB",277,2015-04-11 00:02:25
"107","SNP",41,2015-04-11 00:02:25
"108","LD",28,2015-04-11 00:02:25
"109","DUP",8,2015-04-11 00:02:25
"110","UKIP",1,2015-04-11 00:02:25
"111","SDLP",3,2015-04-11 00:02:25
"112","GRN",1,2015-04-11 00:02:25
"113","SPK",1,2015-04-11 00:02:25
"114","IND",1,2015-04-11 00:02:25
"115","SF",5,2015-04-11 00:02:25
"116","ALI",1,2015-04-11 00:02:25
"117","PC",2,2015-04-11 00:02:25
"118","CON",282,2015-04-10 07:35:57
"119","LAB",275,2015-04-10 07:35:57
"120","SNP",41,2015-04-10 07:35:57
"121","LD",28,2015-04-10 07:35:57
"122","DUP",8,2015-04-10 07:35:57
"123","UKIP",1,2015-04-10 07:35:57
"124","SDLP",3,2015-04-10 07:35:57
"125","GRN",1,2015-04-10 07:35:57
"126","SPK",1,2015-04-10 07:35:57
"127","IND",1,2015-04-10 07:35:57
"128","SF",5,2015-04-10 07:35:57
"129","ALI",1,2015-04-10 07:35:57
"130","PC",3,2015-04-10 07:35:57
"131","CON",284,2015-04-09 00:02:21
"132","LAB",274,2015-04-09 00:02:21
"133","SNP",41,2015-04-09 00:02:21
"134","LD",28,2015-04-09 00:02:21
"135","DUP",8,2015-04-09 00:02:21
"136","UKIP",1,2015-04-09 00:02:21
"137","SDLP",3,2015-04-09 00:02:21
"138","GRN",1,2015-04-09 00:02:21
"139","SPK",1,2015-04-09 00:02:21
"140","IND",1,2015-04-09 00:02:21
"141","SF",5,2015-04-09 00:02:21
"142","ALI",1,2015-04-09 00:02:21
"143","PC",2,2015-04-09 00:02:21
"144","CON",287,2015-04-08 00:02:22
"145","LAB",270,2015-04-08 00:02:22
"146","SNP",43,2015-04-08 00:02:22
"147","LD",27,2015-04-08 00:02:22
"148","DUP",8,2015-04-08 00:02:22
"149","UKIP",1,2015-04-08 00:02:22
"150","SDLP",3,2015-04-08 00:02:22
"151","GRN",1,2015-04-08 00:02:22
"152","SPK",1,2015-04-08 00:02:22
"153","IND",1,2015-04-08 00:02:22
"154","SF",5,2015-04-08 00:02:22
"155","ALI",1,2015-04-08 00:02:22
"156","PC",2,2015-04-08 00:02:22
"157","CON",287,2015-04-06 00:02:21
"158","LAB",271,2015-04-06 00:02:21
"159","SNP",42,2015-04-06 00:02:21
"160","LD",27,2015-04-06 00:02:21
"161","DUP",8,2015-04-06 00:02:21
"162","UKIP",1,2015-04-06 00:02:21
"163","SDLP",3,2015-04-06 00:02:21
"164","GRN",1,2015-04-06 00:02:21
"165","SPK",1,2015-04-06 00:02:21
"166","IND",1,2015-04-06 00:02:21
"167","SF",5,2015-04-06 00:02:21
"168","ALI",1,2015-04-06 00:02:21
"169","PC",2,2015-04-06 00:02:21
"170","CON",283,2015-04-04 00:02:20
"171","LAB",277,2015-04-04 00:02:20
"172","SNP",40,2015-04-04 00:02:20
"173","LD",26,2015-04-04 00:02:20
"174","DUP",8,2015-04-04 00:02:20
"175","UKIP",1,2015-04-04 00:02:20
"176","SDLP",3,2015-04-04 00:02:20
"177","GRN",1,2015-04-04 00:02:20
"178","SPK",1,2015-04-04 00:02:20
"179","IND",1,2015-04-04 00:02:20
"180","SF",5,2015-04-04 00:02:20
"181","ALI",1,2015-04-04 00:02:20
"182","PC",3,2015-04-04 00:02:20
"183","CON",284,2015-04-03 00:02:21
"184","LAB",276,2015-04-03 00:02:21
"185","SNP",40,2015-04-03 00:02:21
"186","LD",26,2015-04-03 00:02:21
"187","DUP",8,2015-04-03 00:02:21
"188","UKIP",1,2015-04-03 00:02:21
"189","SDLP",3,2015-04-03 00:02:21
"190","GRN",1,2015-04-03 00:02:21
"191","SPK",1,2015-04-03 00:02:21
"192","IND",1,2015-04-03 00:02:21
"193","SF",5,2015-04-03 00:02:21
"194","ALI",1,2015-04-03 00:02:21
"195","PC",3,2015-04-03 00:02:21
"196","CON",282,2015-04-02 08:57:44
"197","LAB",278,2015-04-02 08:57:44
"198","SNP",40,2015-04-02 08:57:44
"199","LD",26,2015-04-02 08:57:44
"200","DUP",8,2015-04-02 08:57:44
"201","UKIP",1,2015-04-02 08:57:44
"202","SDLP",3,2015-04-02 08:57:44
"203","GRN",1,2015-04-02 08:57:44
"204","SPK",1,2015-04-02 08:57:44
"205","IND",1,2015-04-02 08:57:44
"206","SF",5,2015-04-02 08:57:44
"207","ALI",1,2015-04-02 08:57:44
"208","PC",3,2015-04-02 08:57:44
"209","CON",282,2015-04-01 00:02:21
"210","LAB",280,2015-04-01 00:02:21
"211","SNP",38,2015-04-01 00:02:21
"212","LD",26,2015-04-01 00:02:21
"213","DUP",8,2015-04-01 00:02:21
"214","UKIP",1,2015-04-01 00:02:21
"215","SDLP",3,2015-04-01 00:02:21
"216","GRN",1,2015-04-01 00:02:21
"217","SPK",1,2015-04-01 00:02:21
"218","IND",1,2015-04-01 00:02:21
"219","SF",5,2015-04-01 00:02:21
"220","ALI",1,2015-04-01 00:02:21
"221","PC",3,2015-04-01 00:02:21
"222","CON",285,2015-03-31 00:01:02
"223","LAB",279,2015-03-31 00:01:02
"224","SNP",37,2015-03-31 00:01:02
"225","LD",26,2015-03-31 00:01:02
"226","DUP",8,2015-03-31 00:01:02
"227","UKIP",1,2015-03-31 00:01:02
"228","SDLP",3,2015-03-31 00:01:02
"229","GRN",1,2015-03-31 00:01:02
"230","SPK",1,2015-03-31 00:01:02
"231","IND",1,2015-03-31 00:01:02
"232","SF",5,2015-03-31 00:01:02
"233","ALI",1,2015-03-31 00:01:02
"234","PC",2,2015-03-31 00:01:02
"235","CON",282,2015-03-30 00:02:21
"236","LAB",281,2015-03-30 00:02:21
"237","SNP",36,2015-03-30 00:02:21
"238","LD",27,2015-03-30 00:02:21
"239","DUP",8,2015-03-30 00:02:21
"240","UKIP",1,2015-03-30 00:02:21
"241","SDLP",3,2015-03-30 00:02:21
"242","GRN",1,2015-03-30 00:02:21
"243","SPK",1,2015-03-30 00:02:21
"244","IND",1,2015-03-30 00:02:21
"245","SF",5,2015-03-30 00:02:21
"246","ALI",1,2015-03-30 00:02:21
"247","PC",3,2015-03-30 00:02:21
"248","CON",286,2015-03-28 00:02:21
"249","LAB",277,2015-03-28 00:02:21
"250","SNP",39,2015-03-28 00:02:21
"251","LD",25,2015-03-28 00:02:21
"252","DUP",8,2015-03-28 00:02:21
"253","UKIP",1,2015-03-28 00:02:21
"254","SDLP",3,2015-03-28 00:02:21
"255","GRN",1,2015-03-28 00:02:21
"256","SPK",1,2015-03-28 00:02:21
"257","IND",1,2015-03-28 00:02:21
"258","SF",5,2015-03-28 00:02:21
"259","ALI",1,2015-03-28 00:02:21
"260","PC",2,2015-03-28 00:02:21
"261","CON",283,2015-03-27 00:02:22
"262","LAB",280,2015-03-27 00:02:22
"263","SNP",38,2015-03-27 00:02:22
"264","LD",26,2015-03-27 00:02:22
"265","DUP",8,2015-03-27 00:02:22
"266","UKIP",1,2015-03-27 00:02:22
"267","SDLP",3,2015-03-27 00:02:22
"268","GRN",1,2015-03-27 00:02:22
"269","SPK",1,2015-03-27 00:02:22
"270","IND",1,2015-03-27 00:02:22
"271","SF",5,2015-03-27 00:02:22
"272","ALI",1,2015-03-27 00:02:22
"273","PC",2,2015-03-27 00:02:22
"274","CON",284,2015-03-26 00:02:22
"275","LAB",279,2015-03-26 00:02:22
"276","SNP",38,2015-03-26 00:02:22
"277","LD",26,2015-03-26 00:02:22
"278","DUP",8,2015-03-26 00:02:22
"279","UKIP",1,2015-03-26 00:02:22
"280","SDLP",3,2015-03-26 00:02:22
"281","GRN",1,2015-03-26 00:02:22
"282","SPK",1,2015-03-26 00:02:22
"283","IND",1,2015-03-26 00:02:22
"284","SF",5,2015-03-26 00:02:22
"285","ALI",1,2015-03-26 00:02:22
"286","PC",2,2015-03-26 00:02:22
"287","CON",284,2015-03-25 00:02:20
"288","LAB",278,2015-03-25 00:02:20
"289","SNP",39,2015-03-25 00:02:20
"290","LD",26,2015-03-25 00:02:20
"291","DUP",8,2015-03-25 00:02:20
"292","UKIP",1,2015-03-25 00:02:20
"293","SDLP",3,2015-03-25 00:02:20
"294","GRN",1,2015-03-25 00:02:20
"295","SPK",1,2015-03-25 00:02:20
"296","IND",1,2015-03-25 00:02:20
"297","SF",5,2015-03-25 00:02:20
"298","ALI",1,2015-03-25 00:02:20
"299","PC",2,2015-03-25 00:02:20
"300","CON",284,2015-03-23 18:01:20
"301","LAB",277,2015-03-23 18:01:20
"302","SNP",40,2015-03-23 18:01:20
"303","LD",26,2015-03-23 18:01:20
"304","DUP",8,2015-03-23 18:01:20
"305","UKIP",1,2015-03-23 18:01:20
"306","SDLP",3,2015-03-23 18:01:20
"307","GRN",1,2015-03-23 18:01:20
"308","SPK",1,2015-03-23 18:01:20
"309","IND",1,2015-03-23 18:01:20
"310","SF",5,2015-03-23 18:01:20
"311","ALI",1,2015-03-23 18:01:20
"312","PC",2,2015-03-23 18:01:20
"313","CON",286,2015-03-22 08:49:50
"314","LAB",276,2015-03-22 08:49:50
"315","SNP",39,2015-03-22 08:49:50
"316","LD",26,2015-03-22 08:49:50
"317","DUP",8,2015-03-22 08:49:50
"318","UKIP",1,2015-03-22 08:49:50
"319","SDLP",3,2015-03-22 08:49:50
"320","GRN",1,2015-03-22 08:49:50
"321","SPK",1,2015-03-22 08:49:50
"322","IND",1,2015-03-22 08:49:50
"323","SF",5,2015-03-22 08:49:50
"324","ALI",1,2015-03-22 08:49:50
"325","PC",2,2015-03-22 08:49:50
"326","CON",285,2015-03-20 21:08:49
"327","LAB",276,2015-03-20 21:08:49
"328","SNP",40,2015-03-20 21:08:49
"329","LD",26,2015-03-20 21:08:49
"330","DUP",8,2015-03-20 21:08:49
"331","UKIP",1,2015-03-20 21:08:49
"332","SDLP",3,2015-03-20 21:08:49
"333","GRN",1,2015-03-20 21:08:49
"334","SPK",1,2015-03-20 21:08:49
"335","IND",1,2015-03-20 21:08:49
"336","SF",5,2015-03-20 21:08:49
"337","ALI",1,2015-03-20 21:08:49
"338","PC",2,2015-03-20 21:08:49
"339","CON",284,2015-03-19 19:35:48
"340","LAB",278,2015-03-19 19:35:48
"341","SNP",40,2015-03-19 19:35:48
"342","LD",25,2015-03-19 19:35:48
"343","DUP",9,2015-03-19 19:35:48
"344","UKIP",1,2015-03-19 19:35:48
"345","SDLP",3,2015-03-19 19:35:48
"346","GRN",1,2015-03-19 19:35:48
"347","SPK",1,2015-03-19 19:35:48
"348","IND",1,2015-03-19 19:35:48
"349","SF",5,2015-03-19 19:35:48
"350","ALI",1,2015-03-19 19:35:48
"351","PC",1,2015-03-19 19:35:48
"352","CON",284,2015-03-18 18:44:14
"353","LAB",279,2015-03-18 18:44:14
"354","SNP",39,2015-03-18 18:44:14
"355","LD",25,2015-03-18 18:44:14
"356","DUP",9,2015-03-18 18:44:14
"357","UKIP",1,2015-03-18 18:44:14
"358","SDLP",3,2015-03-18 18:44:14
"359","GRN",1,2015-03-18 18:44:14
"360","SPK",1,2015-03-18 18:44:14
"361","IND",1,2015-03-18 18:44:14
"362","SF",5,2015-03-18 18:44:14
"363","ALI",1,2015-03-18 18:44:14
"364","PC",1,2015-03-18 18:44:14
"365","CON",285,2015-03-17 18:12:04
"366","LAB",280,2015-03-17 18:12:04
"367","SNP",37,2015-03-17 18:12:04
"368","LD",25,2015-03-17 18:12:04
"369","DUP",8,2015-03-17 18:12:04
"370","UKIP",1,2015-03-17 18:12:04
"371","SDLP",3,2015-03-17 18:12:04
"372","GRN",1,2015-03-17 18:12:04
"373","SPK",1,2015-03-17 18:12:04
"374","IND",1,2015-03-17 18:12:04
"375","SF",5,2015-03-17 18:12:04
"376","ALI",1,2015-03-17 18:12:04
"377","PC",2,2015-03-17 18:12:04
"378","CON",286,2015-03-16 18:34:19
"379","LAB",274,2015-03-16 18:34:19
"380","SNP",42,2015-03-16 18:34:19
"381","LD",25,2015-03-16 18:34:19
"382","DUP",8,2015-03-16 18:34:19
"383","UKIP",1,2015-03-16 18:34:19
"384","SDLP",3,2015-03-16 18:34:19
"385","GRN",1,2015-03-16 18:34:19
"386","SPK",1,2015-03-16 18:34:19
"387","IND",1,2015-03-16 18:34:19
"388","SF",5,2015-03-16 18:34:19
"389","ALI",1,2015-03-16 18:34:19
"390","PC",2,2015-03-16 18:34:19
"391","CON",289,2015-03-09 17:13:12
"392","LAB",277,2015-03-09 17:13:12
"393","SNP",38,2015-03-09 17:13:12
"394","LD",24,2015-03-09 17:13:12
"395","DUP",8,2015-03-09 17:13:12
"396","UKIP",1,2015-03-09 17:13:12
"397","SDLP",3,2015-03-09 17:13:12
"398","GRN",1,2015-03-09 17:13:12
"399","SPK",1,2015-03-09 17:13:12
"400","IND",1,2015-03-09 17:13:12
"401","SF",5,2015-03-09 17:13:12
"402","ALI",1,2015-03-09 17:13:12
"403","PC",1,2015-03-09 17:13:12
"404","CON",288,2015-03-08 09:02:07
"405","LAB",278,2015-03-08 09:02:07
"406","SNP",37,2015-03-08 09:02:07
"407","LD",25,2015-03-08 09:02:07
"408","DUP",8,2015-03-08 09:02:07
"409","UKIP",1,2015-03-08 09:02:07
"410","SDLP",3,2015-03-08 09:02:07
"411","GRN",1,2015-03-08 09:02:07
"412","SPK",1,2015-03-08 09:02:07
"413","IND",1,2015-03-08 09:02:07
"414","SF",5,2015-03-08 09:02:07
"415","ALI",1,2015-03-08 09:02:07
"416","PC",1,2015-03-08 09:02:07
"417","CON",286,2015-03-06 18:40:15
"418","LAB",280,2015-03-06 18:40:15
"419","SNP",38,2015-03-06 18:40:15
"420","LD",24,2015-03-06 18:40:15
"421","DUP",8,2015-03-06 18:40:15
"422","UKIP",1,2015-03-06 18:40:15
"423","SDLP",3,2015-03-06 18:40:15
"424","GRN",1,2015-03-06 18:40:15
"425","SPK",1,2015-03-06 18:40:15
"426","IND",1,2015-03-06 18:40:15
"427","SF",5,2015-03-06 18:40:15
"428","ALI",1,2015-03-06 18:40:15
"429","PC",1,2015-03-06 18:40:15
"430","CON",288,2015-03-05 19:42:21
"431","LAB",278,2015-03-05 19:42:21
"432","SNP",38,2015-03-05 19:42:21
"433","LD",24,2015-03-05 19:42:21
"434","DUP",8,2015-03-05 19:42:21
"435","UKIP",1,2015-03-05 19:42:21
"436","SDLP",3,2015-03-05 19:42:21
"437","GRN",1,2015-03-05 19:42:21
"438","SPK",1,2015-03-05 19:42:21
"439","IND",1,2015-03-05 19:42:21
"440","SF",5,2015-03-05 19:42:21
"441","ALI",1,2015-03-05 19:42:21
"442","PC",1,2015-03-05 19:42:21
"443","CON",288,2015-03-04 21:09:34
"444","LAB",277,2015-03-04 21:09:34
"445","SNP",39,2015-03-04 21:09:34
"446","LD",24,2015-03-04 21:09:34
"447","DUP",8,2015-03-04 21:09:34
"448","UKIP",1,2015-03-04 21:09:34
"449","SDLP",3,2015-03-04 21:09:34
"450","GRN",1,2015-03-04 21:09:34
"451","SPK",1,2015-03-04 21:09:34
"452","IND",1,2015-03-04 21:09:34
"453","SF",5,2015-03-04 21:09:34
"454","ALI",1,2015-03-04 21:09:34
"455","PC",1,2015-03-04 21:09:34
"456","CON",287,2015-03-03 15:58:29
"457","LAB",275,2015-03-03 15:58:29
"458","SNP",39,2015-03-03 15:58:29
"459","LD",26,2015-03-03 15:58:29
"460","DUP",8,2015-03-03 15:58:29
"461","UKIP",1,2015-03-03 15:58:29
"462","SDLP",3,2015-03-03 15:58:29
"463","GRN",1,2015-03-03 15:58:29
"464","SPK",1,2015-03-03 15:58:29
"465","IND",1,2015-03-03 15:58:29
"466","SF",5,2015-03-03 15:58:29
"467","ALI",1,2015-03-03 15:58:29
"468","PC",2,2015-03-03 15:58:29
"469","CON",283,2015-03-02 16:52:53
"470","LAB",279,2015-03-02 16:52:53
"471","SNP",38,2015-03-02 16:52:53
"472","LD",27,2015-03-02 16:52:53
"473","DUP",8,2015-03-02 16:52:53
"474","UKIP",1,2015-03-02 16:52:53
"475","SDLP",3,2015-03-02 16:52:53
"476","GRN",1,2015-03-02 16:52:53
"477","SPK",1,2015-03-02 16:52:53
"478","IND",1,2015-03-02 16:52:53
"479","SF",5,2015-03-02 16:52:53
"480","ALI",1,2015-03-02 16:52:53
"481","PC",2,2015-03-02 16:52:53
"482","CON",284,2015-03-01 10:04:11
"483","LAB",279,2015-03-01 10:04:11
"484","SNP",37,2015-03-01 10:04:11
"485","LD",27,2015-03-01 10:04:11
"486","DUP",8,2015-03-01 10:04:11
"487","UKIP",1,2015-03-01 10:04:11
"488","SDLP",3,2015-03-01 10:04:11
"489","GRN",1,2015-03-01 10:04:11
"490","SPK",1,2015-03-01 10:04:11
"491","IND",1,2015-03-01 10:04:11
"492","SF",5,2015-03-01 10:04:11
"493","ALI",1,2015-03-01 10:04:11
"494","PC",2,2015-03-01 10:04:11
"495","CON",285,2015-02-27 18:02:29
"496","LAB",276,2015-02-27 18:02:29
"497","SNP",39,2015-02-27 18:02:29
"498","LD",27,2015-02-27 18:02:29
"499","DUP",9,2015-02-27 18:02:29
"500","UKIP",1,2015-02-27 18:02:29
"501","SDLP",3,2015-02-27 18:02:29
"502","GRN",1,2015-02-27 18:02:29
"503","SPK",1,2015-02-27 18:02:29
"504","IND",1,2015-02-27 18:02:29
"505","SF",5,2015-02-27 18:02:29
"506","ALI",1,2015-02-27 18:02:29
"507","PC",1,2015-02-27 18:02:29
"508","CON",285,2015-02-26 17:05:39
"509","LAB",279,2015-02-26 17:05:39
"510","SNP",39,2015-02-26 17:05:39
"511","LD",25,2015-02-26 17:05:39
"512","DUP",9,2015-02-26 17:05:39
"513","UKIP",1,2015-02-26 17:05:39
"514","SDLP",3,2015-02-26 17:05:39
"515","GRN",1,2015-02-26 17:05:39
"516","SPK",1,2015-02-26 17:05:39
"517","IND",1,2015-02-26 17:05:39
"518","SF",5,2015-02-26 17:05:39
"519","ALI",1,2015-02-26 17:05:39
"520","PC",0,2015-02-26 17:05:39
"521","CON",284,2015-02-25 15:29:21
"522","LAB",279,2015-02-25 15:29:21
"523","SNP",39,2015-02-25 15:29:21
"524","LD",25,2015-02-25 15:29:21
"525","DUP",9,2015-02-25 15:29:21
"526","UKIP",1,2015-02-25 15:29:21
"527","SDLP",3,2015-02-25 15:29:21
"528","GRN",1,2015-02-25 15:29:21
"529","SPK",1,2015-02-25 15:29:21
"530","IND",1,2015-02-25 15:29:21
"531","SF",5,2015-02-25 15:29:21
"532","ALI",1,2015-02-25 15:29:21
"533","PC",1,2015-02-25 15:29:21
"534","CON",284,2015-02-24 17:58:11
"535","LAB",280,2015-02-24 17:58:11
"536","SNP",38,2015-02-24 17:58:11
"537","LD",25,2015-02-24 17:58:11
"538","DUP",9,2015-02-24 17:58:11
"539","UKIP",1,2015-02-24 17:58:11
"540","SDLP",3,2015-02-24 17:58:11
"541","GRN",1,2015-02-24 17:58:11
"542","SPK",1,2015-02-24 17:58:11
"543","IND",1,2015-02-24 17:58:11
"544","SF",5,2015-02-24 17:58:11
"545","ALI",1,2015-02-24 17:58:11
"546","PC",1,2015-02-24 17:58:11
"547","LAB",284,2015-02-23 17:49:30
"548","CON",282,2015-02-23 17:49:30
"549","SNP",37,2015-02-23 17:49:30
"550","LD",25,2015-02-23 17:49:30
"551","DUP",9,2015-02-23 17:49:30
"552","UKIP",1,2015-02-23 17:49:30
"553","SDLP",3,2015-02-23 17:49:30
"554","GRN",1,2015-02-23 17:49:30
"555","SPK",1,2015-02-23 17:49:30
"556","IND",1,2015-02-23 17:49:30
"557","SF",5,2015-02-23 17:49:30
"558","ALI",1,2015-02-23 17:49:30
"559","PC",0,2015-02-23 17:49:30
"560","CON",284,2015-02-22 09:51:49
"561","LAB",281,2015-02-22 09:51:49
"562","SNP",37,2015-02-22 09:51:49
"563","LD",25,2015-02-22 09:51:49
"564","DUP",9,2015-02-22 09:51:49
"565","UKIP",1,2015-02-22 09:51:49
"566","SDLP",3,2015-02-22 09:51:49
"567","GRN",1,2015-02-22 09:51:49
"568","SPK",1,2015-02-22 09:51:49
"569","IND",1,2015-02-22 09:51:49
"570","SF",5,2015-02-22 09:51:49
"571","ALI",1,2015-02-22 09:51:49
"572","PC",1,2015-02-22 09:51:49
"573","CON",282,2015-02-20 19:29:38
"574","LAB",280,2015-02-20 19:29:38
"575","SNP",40,2015-02-20 19:29:38
"576","LD",25,2015-02-20 19:29:38
"577","DUP",9,2015-02-20 19:29:38
"578","UKIP",2,2015-02-20 19:29:38
"579","SDLP",3,2015-02-20 19:29:38
"580","GRN",1,2015-02-20 19:29:38
"581","SPK",1,2015-02-20 19:29:38
"582","IND",1,2015-02-20 19:29:38
"583","SF",5,2015-02-20 19:29:38
"584","ALI",1,2015-02-20 19:29:38
"585","PC",0,2015-02-20 19:29:38
"586","LAB",282,2015-02-19 15:23:48
"587","CON",281,2015-02-19 15:23:48
"588","SNP",39,2015-02-19 15:23:48
"589","LD",25,2015-02-19 15:23:48
"590","DUP",9,2015-02-19 15:23:48
"591","UKIP",2,2015-02-19 15:23:48
"592","SDLP",3,2015-02-19 15:23:48
"593","GRN",1,2015-02-19 15:23:48
"594","SPK",1,2015-02-19 15:23:48
"595","IND",1,2015-02-19 15:23:48
"596","SF",5,2015-02-19 15:23:48
"597","ALI",1,2015-02-19 15:23:48
"598","PC",0,2015-02-19 15:23:48
"599","CON",283,2015-02-18 17:25:43
"600","LAB",280,2015-02-18 17:25:43
"601","SNP",38,2015-02-18 17:25:43
"602","LD",25,2015-02-18 17:25:43
"603","DUP",9,2015-02-18 17:25:43
"604","UKIP",2,2015-02-18 17:25:43
"605","SDLP",3,2015-02-18 17:25:43
"606","GRN",1,2015-02-18 17:25:43
"607","SPK",1,2015-02-18 17:25:43
"608","IND",1,2015-02-18 17:25:43
"609","SF",5,2015-02-18 17:25:43
"610","ALI",1,2015-02-18 17:25:43
"611","PC",1,2015-02-18 17:25:43
"612","LAB",282,2015-02-17 18:43:14
"613","CON",279,2015-02-17 18:43:14
"614","SNP",39,2015-02-17 18:43:14
"615","LD",26,2015-02-17 18:43:14
"616","DUP",9,2015-02-17 18:43:14
"617","UKIP",2,2015-02-17 18:43:14
"618","SDLP",3,2015-02-17 18:43:14
"619","GRN",1,2015-02-17 18:43:14
"620","SPK",1,2015-02-17 18:43:14
"621","IND",1,2015-02-17 18:43:14
"622","SF",5,2015-02-17 18:43:14
"623","ALI",1,2015-02-17 18:43:14
"624","PC",1,2015-02-17 18:43:14
"625","LAB",282,2015-02-16 19:41:59
"626","CON",279,2015-02-16 19:41:59
"627","SNP",39,2015-02-16 19:41:59
"628","LD",26,2015-02-16 19:41:59
"629","DUP",9,2015-02-16 19:41:59
"630","UKIP",2,2015-02-16 19:41:59
"631","SDLP",3,2015-02-16 19:41:59
"632","GRN",1,2015-02-16 19:41:59
"633","SPK",1,2015-02-16 19:41:59
"634","IND",1,2015-02-16 19:41:59
"635","SF",5,2015-02-16 19:41:59
"636","ALI",1,2015-02-16 19:41:59
"637","PC",1,2015-02-16 19:41:59
"638","LAB",284,2015-02-15 09:29:20
"639","CON",278,2015-02-15 09:29:20
"640","SNP",38,2015-02-15 09:29:20
"641","LD",26,2015-02-15 09:29:20
"642","DUP",9,2015-02-15 09:29:20
"643","UKIP",2,2015-02-15 09:29:20
"644","SDLP",3,2015-02-15 09:29:20
"645","GRN",1,2015-02-15 09:29:20
"646","SPK",1,2015-02-15 09:29:20
"647","IND",1,2015-02-15 09:29:20
"648","SF",5,2015-02-15 09:29:20
"649","ALI",1,2015-02-15 09:29:20
"650","PC",1,2015-02-15 09:29:20
"651","LAB",283,2015-02-13 17:09:11
"652","CON",280,2015-02-13 17:09:11
"653","SNP",37,2015-02-13 17:09:11
"654","LD",27,2015-02-13 17:09:11
"655","DUP",8,2015-02-13 17:09:11
"656","UKIP",2,2015-02-13 17:09:11
"657","SDLP",3,2015-02-13 17:09:11
"658","GRN",1,2015-02-13 17:09:11
"659","SPK",1,2015-02-13 17:09:11
"660","IND",1,2015-02-13 17:09:11
"661","SF",5,2015-02-13 17:09:11
"662","ALI",1,2015-02-13 17:09:11
"663","PC",1,2015-02-13 17:09:11
"664","LAB",284,2015-02-12 15:52:06
"665","CON",282,2015-02-12 15:52:06
"666","SNP",35,2015-02-12 15:52:06
"667","LD",26,2015-02-12 15:52:06
"668","DUP",8,2015-02-12 15:52:06
"669","UKIP",2,2015-02-12 15:52:06
"670","SDLP",3,2015-02-12 15:52:06
"671","GRN",1,2015-02-12 15:52:06
"672","SPK",1,2015-02-12 15:52:06
"673","IND",1,2015-02-12 15:52:06
"674","SF",5,2015-02-12 15:52:06
"675","ALI",1,2015-02-12 15:52:06
"676","PC",1,2015-02-12 15:52:06
"677","LAB",283,2015-02-11 17:43:30
"678","CON",281,2015-02-11 17:43:30
"679","SNP",36,2015-02-11 17:43:30
"680","LD",27,2015-02-11 17:43:30
"681","DUP",8,2015-02-11 17:43:30
"682","UKIP",2,2015-02-11 17:43:30
"683","SDLP",3,2015-02-11 17:43:30
"684","GRN",1,2015-02-11 17:43:30
"685","SPK",1,2015-02-11 17:43:30
"686","IND",1,2015-02-11 17:43:30
"687","SF",5,2015-02-11 17:43:30
"688","ALI",1,2015-02-11 17:43:30
"689","PC",1,2015-02-11 17:43:30
"690","CON",285,2015-02-10 18:03:35
"691","LAB",280,2015-02-10 18:03:35
"692","SNP",35,2015-02-10 18:03:35
"693","LD",27,2015-02-10 18:03:35
"694","DUP",8,2015-02-10 18:03:35
"695","UKIP",2,2015-02-10 18:03:35
"696","SDLP",3,2015-02-10 18:03:35
"697","GRN",1,2015-02-10 18:03:35
"698","SPK",1,2015-02-10 18:03:35
"699","IND",1,2015-02-10 18:03:35
"700","SF",5,2015-02-10 18:03:35
"701","ALI",1,2015-02-10 18:03:35
"702","PC",1,2015-02-10 18:03:35
"703","CON",285,2015-02-09 18:44:16
"704","LAB",280,2015-02-09 18:44:16
"705","SNP",35,2015-02-09 18:44:16
"706","LD",27,2015-02-09 18:44:16
"707","DUP",8,2015-02-09 18:44:16
"708","UKIP",2,2015-02-09 18:44:16
"709","SDLP",3,2015-02-09 18:44:16
"710","GRN",1,2015-02-09 18:44:16
"711","SPK",1,2015-02-09 18:44:16
"712","IND",1,2015-02-09 18:44:16
"713","SF",5,2015-02-09 18:44:16
"714","ALI",1,2015-02-09 18:44:16
"715","PC",1,2015-02-09 18:44:16
"716","CON",285,2015-02-08 12:30:04
"717","LAB",282,2015-02-08 12:30:04
"718","SNP",34,2015-02-08 12:30:04
"719","LD",26,2015-02-08 12:30:04
"720","DUP",8,2015-02-08 12:30:04
"721","UKIP",2,2015-02-08 12:30:04
"722","SDLP",3,2015-02-08 12:30:04
"723","GRN",1,2015-02-08 12:30:04
"724","SPK",1,2015-02-08 12:30:04
"725","IND",1,2015-02-08 12:30:04
"726","SF",5,2015-02-08 12:30:04
"727","ALI",1,2015-02-08 12:30:04
"728","PC",1,2015-02-08 12:30:04
"729","LAB",283,2015-02-06 16:46:53
"730","CON",282,2015-02-06 16:46:53
"731","SNP",37,2015-02-06 16:46:53
"732","LD",24,2015-02-06 16:46:53
"733","DUP",7,2015-02-06 16:46:53
"734","UKIP",2,2015-02-06 16:46:53
"735","SDLP",3,2015-02-06 16:46:53
"736","GRN",1,2015-02-06 16:46:53
"737","SPK",1,2015-02-06 16:46:53
"738","IND",1,2015-02-06 16:46:53
"739","SF",5,2015-02-06 16:46:53
"740","ALI",1,2015-02-06 16:46:53
"741","PC",3,2015-02-06 16:46:53
"742","CON",282,2015-02-05 15:48:35
"743","LAB",282,2015-02-05 15:48:35
"744","SNP",38,2015-02-05 15:48:35
"745","LD",24,2015-02-05 15:48:35
"746","DUP",7,2015-02-05 15:48:35
"747","UKIP",2,2015-02-05 15:48:35
"748","SDLP",3,2015-02-05 15:48:35
"749","GRN",1,2015-02-05 15:48:35
"750","SPK",1,2015-02-05 15:48:35
"751","IND",1,2015-02-05 15:48:35
"752","SF",5,2015-02-05 15:48:35
"753","ALI",1,2015-02-05 15:48:35
"754","PC",3,2015-02-05 15:48:35
"755","LAB",285,2015-02-04 11:28:15
"756","CON",280,2015-02-04 11:28:15
"757","SNP",36,2015-02-04 11:28:15
"758","LD",25,2015-02-04 11:28:15
"759","DUP",8,2015-02-04 11:28:15
"760","UKIP",2,2015-02-04 11:28:15
"761","SDLP",3,2015-02-04 11:28:15
"762","GRN",1,2015-02-04 11:28:15
"763","SPK",1,2015-02-04 11:28:15
"764","IND",1,2015-02-04 11:28:15
"765","SF",5,2015-02-04 11:28:15
"766","ALI",1,2015-02-04 11:28:15
"767","PC",2,2015-02-04 11:28:15
"768","LAB",289,2015-02-03 17:36:48
"769","CON",279,2015-02-03 17:36:48
"770","SNP",34,2015-02-03 17:36:48
"771","LD",24,2015-02-03 17:36:48
"772","DUP",8,2015-02-03 17:36:48
"773","UKIP",2,2015-02-03 17:36:48
"774","SDLP",3,2015-02-03 17:36:48
"775","GRN",1,2015-02-03 17:36:48
"776","SPK",1,2015-02-03 17:36:48
"777","IND",1,2015-02-03 17:36:48
"778","SF",5,2015-02-03 17:36:48
"779","ALI",1,2015-02-03 17:36:48
"780","PC",2,2015-02-03 17:36:48
"781","LAB",285,2015-02-02 17:14:12
"782","CON",283,2015-02-02 17:14:12
"783","SNP",35,2015-02-02 17:14:12
"784","LD",24,2015-02-02 17:14:12
"785","DUP",8,2015-02-02 17:14:12
"786","UKIP",2,2015-02-02 17:14:12
"787","SDLP",3,2015-02-02 17:14:12
"788","GRN",1,2015-02-02 17:14:12
"789","SPK",1,2015-02-02 17:14:12
"790","IND",1,2015-02-02 17:14:12
"791","SF",5,2015-02-02 17:14:12
"792","ALI",1,2015-02-02 17:14:12
"793","PC",1,2015-02-02 17:14:12
"794","LAB",285,2015-02-01 14:25:44
"795","CON",281,2015-02-01 14:25:44
"796","SNP",35,2015-02-01 14:25:44
"797","LD",24,2015-02-01 14:25:44
"798","DUP",8,2015-02-01 14:25:44
"799","UKIP",3,2015-02-01 14:25:44
"800","SDLP",3,2015-02-01 14:25:44
"801","GRN",1,2015-02-01 14:25:44
"802","SPK",1,2015-02-01 14:25:44
"803","IND",1,2015-02-01 14:25:44
"804","SF",5,2015-02-01 14:25:44
"805","ALI",1,2015-02-01 14:25:44
"806","PC",2,2015-02-01 14:25:44
"807","LAB",285,2015-01-30 16:32:55
"808","CON",283,2015-01-30 16:32:55
"809","SNP",32,2015-01-30 16:32:55
"810","LD",27,2015-01-30 16:32:55
"811","DUP",8,2015-01-30 16:32:55
"812","UKIP",2,2015-01-30 16:32:55
"813","SDLP",3,2015-01-30 16:32:55
"814","GRN",1,2015-01-30 16:32:55
"815","SPK",1,2015-01-30 16:32:55
"816","IND",1,2015-01-30 16:32:55
"817","SF",5,2015-01-30 16:32:55
"818","ALI",1,2015-01-30 16:32:55
"819","PC",1,2015-01-30 16:32:55
"820","CON",283,2015-01-29 20:20:34
"821","LAB",283,2015-01-29 20:20:34
"822","SNP",33,2015-01-29 20:20:34
"823","LD",27,2015-01-29 20:20:34
"824","DUP",8,2015-01-29 20:20:34
"825","UKIP",3,2015-01-29 20:20:34
"826","SDLP",3,2015-01-29 20:20:34
"827","GRN",1,2015-01-29 20:20:34
"828","SPK",1,2015-01-29 20:20:34
"829","IND",1,2015-01-29 20:20:34
"830","SF",5,2015-01-29 20:20:34
"831","ALI",1,2015-01-29 20:20:34
"832","PC",1,2015-01-29 20:20:34
"833","CON",283,2015-01-28 19:30:54
"834","LAB",283,2015-01-28 19:30:54
"835","SNP",33,2015-01-28 19:30:54
"836","LD",27,2015-01-28 19:30:54
"837","DUP",8,2015-01-28 19:30:54
"838","UKIP",3,2015-01-28 19:30:54
"839","SDLP",3,2015-01-28 19:30:54
"840","GRN",1,2015-01-28 19:30:54
"841","SPK",1,2015-01-28 19:30:54
"842","IND",1,2015-01-28 19:30:54
"843","SF",5,2015-01-28 19:30:54
"844","ALI",1,2015-01-28 19:30:54
"845","PC",1,2015-01-28 19:30:54
"846","CON",284,2015-01-27 19:07:09
"847","LAB",282,2015-01-27 19:07:09
"848","SNP",33,2015-01-27 19:07:09
"849","LD",27,2015-01-27 19:07:09
"850","DUP",8,2015-01-27 19:07:09
"851","UKIP",3,2015-01-27 19:07:09
"852","SDLP",3,2015-01-27 19:07:09
"853","GRN",1,2015-01-27 19:07:09
"854","SPK",1,2015-01-27 19:07:09
"855","IND",1,2015-01-27 19:07:09
"856","SF",5,2015-01-27 19:07:09
"857","ALI",1,2015-01-27 19:07:09
"858","PC",1,2015-01-27 19:07:09
"859","LAB",287,2015-01-26 16:47:20
"860","CON",280,2015-01-26 16:47:20
"861","SNP",32,2015-01-26 16:47:20
"862","LD",27,2015-01-26 16:47:20
"863","DUP",8,2015-01-26 16:47:20
"864","UKIP",3,2015-01-26 16:47:20
"865","SDLP",3,2015-01-26 16:47:20
"866","GRN",1,2015-01-26 16:47:20
"867","SPK",1,2015-01-26 16:47:20
"868","IND",1,2015-01-26 16:47:20
"869","SF",5,2015-01-26 16:47:20
"870","ALI",1,2015-01-26 16:47:20
"871","PC",1,2015-01-26 16:47:20
"872","LAB",284,2015-01-25 12:25:05
"873","CON",281,2015-01-25 12:25:05
"874","SNP",33,2015-01-25 12:25:05
"875","LD",28,2015-01-25 12:25:05
"876","DUP",8,2015-01-25 12:25:05
"877","UKIP",3,2015-01-25 12:25:05
"878","SDLP",3,2015-01-25 12:25:05
"879","GRN",1,2015-01-25 12:25:05
"880","SPK",1,2015-01-25 12:25:05
"881","IND",1,2015-01-25 12:25:05
"882","SF",5,2015-01-25 12:25:05
"883","ALI",1,2015-01-25 12:25:05
"884","PC",1,2015-01-25 12:25:05
"885","LAB",286,2015-01-23 17:31:32
"886","CON",278,2015-01-23 17:31:32
"887","SNP",34,2015-01-23 17:31:32
"888","LD",28,2015-01-23 17:31:32
"889","DUP",8,2015-01-23 17:31:32
"890","UKIP",3,2015-01-23 17:31:32
"891","SDLP",3,2015-01-23 17:31:32
"892","GRN",1,2015-01-23 17:31:32
"893","SPK",1,2015-01-23 17:31:32
"894","IND",1,2015-01-23 17:31:32
"895","SF",5,2015-01-23 17:31:32
"896","ALI",1,2015-01-23 17:31:32
"897","PC",1,2015-01-23 17:31:32
"898","LAB",282,2015-01-22 18:37:58
"899","CON",281,2015-01-22 18:37:58
"900","SNP",34,2015-01-22 18:37:58
"901","LD",28,2015-01-22 18:37:58
"902","DUP",8,2015-01-22 18:37:58
"903","UKIP",3,2015-01-22 18:37:58
"904","SDLP",3,2015-01-22 18:37:58
"905","GRN",1,2015-01-22 18:37:58
"906","SPK",1,2015-01-22 18:37:58
"907","IND",1,2015-01-22 18:37:58
"908","SF",5,2015-01-22 18:37:58
"909","ALI",1,2015-01-22 18:37:58
"910","PC",2,2015-01-22 18:37:58
"911","CON",282,2015-01-21 20:03:43
"912","LAB",281,2015-01-21 20:03:43
"913","SNP",34,2015-01-21 20:03:43
"914","LD",28,2015-01-21 20:03:43
"915","DUP",8,2015-01-21 20:03:43
"916","UKIP",3,2015-01-21 20:03:43
"917","SDLP",3,2015-01-21 20:03:43
"918","GRN",1,2015-01-21 20:03:43
"919","SPK",1,2015-01-21 20:03:43
"920","IND",1,2015-01-21 20:03:43
"921","SF",5,2015-01-21 20:03:43
"922","ALI",1,2015-01-21 20:03:43
"923","PC",2,2015-01-21 20:03:43
"924","CON",283,2015-01-20 17:12:27
"925","LAB",283,2015-01-20 17:12:27
"926","SNP",33,2015-01-20 17:12:27
"927","LD",26,2015-01-20 17:12:27
"928","DUP",8,2015-01-20 17:12:27
"929","UKIP",3,2015-01-20 17:12:27
"930","SDLP",3,2015-01-20 17:12:27
"931","GRN",1,2015-01-20 17:12:27
"932","SPK",1,2015-01-20 17:12:27
"933","IND",1,2015-01-20 17:12:27
"934","SF",5,2015-01-20 17:12:27
"935","ALI",1,2015-01-20 17:12:27
"936","PC",2,2015-01-20 17:12:27
"937","LAB",285,2015-01-19 18:21:04
"938","CON",281,2015-01-19 18:21:04
"939","SNP",32,2015-01-19 18:21:04
"940","LD",27,2015-01-19 18:21:04
"941","DUP",8,2015-01-19 18:21:04
"942","UKIP",3,2015-01-19 18:21:04
"943","SDLP",3,2015-01-19 18:21:04
"944","GRN",1,2015-01-19 18:21:04
"945","SPK",1,2015-01-19 18:21:04
"946","IND",1,2015-01-19 18:21:04
"947","SF",5,2015-01-19 18:21:04
"948","ALI",1,2015-01-19 18:21:04
"949","PC",2,2015-01-19 18:21:04
"950","LAB",284,2015-01-18 14:05:52
"951","CON",281,2015-01-18 14:05:52
"952","SNP",33,2015-01-18 14:05:52
"953","LD",27,2015-01-18 14:05:52
"954","DUP",8,2015-01-18 14:05:52
"955","UKIP",3,2015-01-18 14:05:52
"956","SDLP",3,2015-01-18 14:05:52
"957","GRN",1,2015-01-18 14:05:52
"958","SPK",1,2015-01-18 14:05:52
"959","IND",1,2015-01-18 14:05:52
"960","SF",5,2015-01-18 14:05:52
"961","ALI",1,2015-01-18 14:05:52
"962","PC",2,2015-01-18 14:05:52
"963","LAB",287,2015-01-16 16:36:17
"964","CON",279,2015-01-16 16:36:17
"965","SNP",32,2015-01-16 16:36:17
"966","LD",27,2015-01-16 16:36:17
"967","DUP",8,2015-01-16 16:36:17
"968","UKIP",3,2015-01-16 16:36:17
"969","SDLP",3,2015-01-16 16:36:17
"970","GRN",1,2015-01-16 16:36:17
"971","SPK",1,2015-01-16 16:36:17
"972","IND",1,2015-01-16 16:36:17
"973","SF",5,2015-01-16 16:36:17
"974","ALI",1,2015-01-16 16:36:17
"975","PC",2,2015-01-16 16:36:17
"976","LAB",285,2014-12-23 16:38:26
"977","CON",279,2014-12-23 16:38:26
"978","SNP",35,2014-12-23 16:38:26
"979","LD",26,2014-12-23 16:38:26
"980","DUP",8,2014-12-23 16:38:26
"981","UKIP",3,2014-12-23 16:38:26
"982","SDLP",3,2014-12-23 16:38:26
"983","GRN",1,2014-12-23 16:38:26
"984","SPK",1,2014-12-23 16:38:26
"985","IND",1,2014-12-23 16:38:26
"986","SF",5,2014-12-23 16:38:26
"987","ALI",1,2014-12-23 16:38:26
"988","PC",2,2014-12-23 16:38:26
"989","LAB",286,2014-12-21 13:57:32
"990","CON",278,2014-12-21 13:57:32
"991","SNP",35,2014-12-21 13:57:32
"992","LD",26,2014-12-21 13:57:32
"993","DUP",8,2014-12-21 13:57:32
"994","UKIP",3,2014-12-21 13:57:32
"995","SDLP",3,2014-12-21 13:57:32
"996","GRN",1,2014-12-21 13:57:32
"997","SPK",1,2014-12-21 13:57:32
"998","IND",1,2014-12-21 13:57:32
"999","SF",5,2014-12-21 13:57:32
"1000","ALI",1,2014-12-21 13:57:32
"1001","PC",2,2014-12-21 13:57:32
"1002","LAB",282,2014-12-19 12:08:29
"1003","CON",281,2014-12-19 12:08:29
"1004","SNP",34,2014-12-19 12:08:29
"1005","LD",28,2014-12-19 12:08:29
"1006","DUP",8,2014-12-19 12:08:29
"1007","UKIP",3,2014-12-19 12:08:29
"1008","SDLP",3,2014-12-19 12:08:29
"1009","GRN",1,2014-12-19 12:08:29
"1010","SPK",1,2014-12-19 12:08:29
"1011","IND",1,2014-12-19 12:08:29
"1012","SF",5,2014-12-19 12:08:29
"1013","ALI",1,2014-12-19 12:08:29
"1014","PC",2,2014-12-19 12:08:29
"1015","CON",283,2014-12-18 15:45:52
"1016","LAB",279,2014-12-18 15:45:52
"1017","SNP",35,2014-12-18 15:45:52
"1018","LD",28,2014-12-18 15:45:52
"1019","DUP",8,2014-12-18 15:45:52
"1020","UKIP",3,2014-12-18 15:45:52
"1021","SDLP",3,2014-12-18 15:45:52
"1022","GRN",1,2014-12-18 15:45:52
"1023","SPK",1,2014-12-18 15:45:52
"1024","IND",1,2014-12-18 15:45:52
"1025","SF",5,2014-12-18 15:45:52
"1026","ALI",1,2014-12-18 15:45:52
"1027","PC",2,2014-12-18 15:45:52
"1028","LAB",283,2014-12-17 09:48:37
"1029","CON",280,2014-12-17 09:48:37
"1030","SNP",34,2014-12-17 09:48:37
"1031","LD",28,2014-12-17 09:48:37
"1032","DUP",7,2014-12-17 09:48:37
"1033","UKIP",3,2014-12-17 09:48:37
"1034","SDLP",3,2014-12-17 09:48:37
"1035","GRN",1,2014-12-17 09:48:37
"1036","SPK",1,2014-12-17 09:48:37
"1037","IND",1,2014-12-17 09:48:37
"1038","SF",5,2014-12-17 09:48:37
"1039","ALI",1,2014-12-17 09:48:37
"1040","PC",3,2014-12-17 09:48:37
"1041","LAB",283,2014-12-16 09:06:21
"1042","CON",280,2014-12-16 09:06:21
"1043","SNP",34,2014-12-16 09:06:21
"1044","LD",27,2014-12-16 09:06:21
"1045","DUP",8,2014-12-16 09:06:21
"1046","UKIP",3,2014-12-16 09:06:21
"1047","SDLP",3,2014-12-16 09:06:21
"1048","GRN",1,2014-12-16 09:06:21
"1049","SPK",1,2014-12-16 09:06:21
"1050","IND",1,2014-12-16 09:06:21
"1051","SF",5,2014-12-16 09:06:21
"1052","ALI",1,2014-12-16 09:06:21
"1053","PC",3,2014-12-16 09:06:21
"1054","CON",282,2014-12-14 12:41:26
"1055","LAB",279,2014-12-14 12:41:26
"1056","SNP",36,2014-12-14 12:41:26
"1057","LD",27,2014-12-14 12:41:26
"1058","DUP",8,2014-12-14 12:41:26
"1059","UKIP",3,2014-12-14 12:41:26
"1060","SDLP",3,2014-12-14 12:41:26
"1061","GRN",1,2014-12-14 12:41:26
"1062","SPK",1,2014-12-14 12:41:26
"1063","IND",1,2014-12-14 12:41:26
"1064","SF",5,2014-12-14 12:41:26
"1065","ALI",1,2014-12-14 12:41:26
"1066","PC",3,2014-12-14 12:41:26
"1067","LAB",283,2014-12-12 20:18:18
"1068","CON",280,2014-12-12 20:18:18
"1069","SNP",34,2014-12-12 20:18:18
"1070","LD",27,2014-12-12 20:18:18
"1071","DUP",8,2014-12-12 20:18:18
"1072","UKIP",3,2014-12-12 20:18:18
"1073","SDLP",3,2014-12-12 20:18:18
"1074","GRN",1,2014-12-12 20:18:18
"1075","SPK",1,2014-12-12 20:18:18
"1076","IND",1,2014-12-12 20:18:18
"1077","SF",5,2014-12-12 20:18:18
"1078","ALI",1,2014-12-12 20:18:18
"1079","PC",3,2014-12-12 20:18:18
"1080","CON",282,2014-12-11 12:58:28
"1081","LAB",279,2014-12-11 12:58:28
"1082","SNP",36,2014-12-11 12:58:28
"1083","LD",27,2014-12-11 12:58:28
"1084","UKIP",3,2014-12-11 12:58:28
"1085","DUP",8,2014-12-11 12:58:28
"1086","SDLP",3,2014-12-11 12:58:28
"1087","GRN",1,2014-12-11 12:58:28
"1088","SPK",1,2014-12-11 12:58:28
"1089","IND",1,2014-12-11 12:58:28
"1090","SF",5,2014-12-11 12:58:28
"1091","ALI",1,2014-12-11 12:58:28
"1092","PC",3,2014-12-11 12:58:28
"1093","CON",282,2014-12-10 11:04:28
"1094","LAB",279,2014-12-10 11:04:28
"1095","SNP",36,2014-12-10 11:04:28
"1096","LD",27,2014-12-10 11:04:28
"1097","UKIP",3,2014-12-10 11:04:28
"1098","DUP",8,2014-12-10 11:04:28
"1099","SDLP",3,2014-12-10 11:04:28
"1100","GRN",1,2014-12-10 11:04:28
"1101","SPK",1,2014-12-10 11:04:28
"1102","IND",1,2014-12-10 11:04:28
"1103","SF",5,2014-12-10 11:04:28
"1104","ALI",1,2014-12-10 11:04:28
"1105","PC",3,2014-12-10 11:04:28
"1106","LAB",281,2014-12-09 13:23:30
"1107","CON",280,2014-12-09 13:23:30
"1108","SNP",36,2014-12-09 13:23:30
"1109","LD",27,2014-12-09 13:23:30
"1110","UKIP",3,2014-12-09 13:23:30
"1111","DUP",8,2014-12-09 13:23:30
"1112","SDLP",3,2014-12-09 13:23:30
"1113","GRN",1,2014-12-09 13:23:30
"1114","SPK",1,2014-12-09 13:23:30
"1115","IND",1,2014-12-09 13:23:30
"1116","SF",5,2014-12-09 13:23:30
"1117","ALI",1,2014-12-09 13:23:30
"1118","PC",3,2014-12-09 13:23:30
"1119","LAB",282,2014-12-08 17:02:03
"1120","CON",280,2014-12-08 17:02:03
"1121","SNP",35,2014-12-08 17:02:03
"1122","LD",27,2014-12-08 17:02:03
"1123","UKIP",3,2014-12-08 17:02:03
"1124","DUP",8,2014-12-08 17:02:03
"1125","SDLP",3,2014-12-08 17:02:03
"1126","GRN",1,2014-12-08 17:02:03
"1127","SPK",1,2014-12-08 17:02:03
"1128","IND",1,2014-12-08 17:02:03
"1129","SF",5,2014-12-08 17:02:03
"1130","ALI",1,2014-12-08 17:02:03
"1131","PC",3,2014-12-08 17:02:03
"1132","CON",284,2014-12-07 13:22:14
"1133","LAB",276,2014-12-07 13:22:14
"1134","SNP",37,2014-12-07 13:22:14
"1135","LD",27,2014-12-07 13:22:14
"1136","UKIP",3,2014-12-07 13:22:14
"1137","DUP",8,2014-12-07 13:22:14
"1138","SDLP",3,2014-12-07 13:22:14
"1139","GRN",1,2014-12-07 13:22:14
"1140","SPK",1,2014-12-07 13:22:14
"1141","IND",1,2014-12-07 13:22:14
"1142","SF",5,2014-12-07 13:22:14
"1143","ALI",1,2014-12-07 13:22:14
"1144","PC",3,2014-12-07 13:22:14
"1145","CON",284,2014-12-07 11:53:36
"1146","LAB",276,2014-12-07 11:53:36
"1147","LD",27,2014-12-07 11:53:36
"1148","SNP",37,2014-12-07 11:53:36
"1149","UKIP",3,2014-12-07 11:53:36
"1150","DUP",8,2014-12-07 11:53:36
"1151","SDLP",3,2014-12-07 11:53:36
"1152","GRN",1,2014-12-07 11:53:36
"1153","SPK",1,2014-12-07 11:53:36
"1154","IND",1,2014-12-07 11:53:36
"1155","SF",5,2014-12-07 11:53:36
"1156","ALI",1,2014-12-07 11:53:36
"1157","PC",3,2014-12-07 11:53:36
"1158","CON",281,2014-12-05 10:58:08
"1159","LAB",278,2014-12-05 10:58:08
"1160","LD",28,2014-12-05 10:58:08
"1161","SNP",37,2014-12-05 10:58:08
"1162","UKIP",3,2014-12-05 10:58:08
"1163","DUP",8,2014-12-05 10:58:08
"1164","SDLP",3,2014-12-05 10:58:08
"1165","GRN",1,2014-12-05 10:58:08
"1166","SPK",1,2014-12-05 10:58:08
"1167","IND",1,2014-12-05 10:58:08
"1168","SF",5,2014-12-05 10:58:08
"1169","ALI",1,2014-12-05 10:58:08
"1170","PC",3,2014-12-05 10:58:08
"1171","CON",284,2014-12-04 13:11:58
"1172","LAB",276,2014-12-04 13:11:58
"1173","LD",28,2014-12-04 13:11:58
"1174","SNP",36,2014-12-04 13:11:58
"1175","UKIP",3,2014-12-04 13:11:58
"1176","DUP",8,2014-12-04 13:11:58
"1177","SDLP",3,2014-12-04 13:11:58
"1178","GRN",1,2014-12-04 13:11:58
"1179","SPK",1,2014-12-04 13:11:58
"1180","IND",1,2014-12-04 13:11:58
"1181","SF",5,2014-12-04 13:11:58
"1182","ALI",1,2014-12-04 13:11:58
"1183","PC",3,2014-12-04 13:11:58
"1184","CON",282,2014-12-03 19:20:03
"1185","LAB",279,2014-12-03 19:20:03
"1186","LD",28,2014-12-03 19:20:03
"1187","SNP",35,2014-12-03 19:20:03
"1188","UKIP",3,2014-12-03 19:20:03
"1189","DUP",8,2014-12-03 19:20:03
"1190","SDLP",3,2014-12-03 19:20:03
"1191","GRN",1,2014-12-03 19:20:03
"1192","SPK",1,2014-12-03 19:20:03
"1193","IND",1,2014-12-03 19:20:03
"1194","SF",5,2014-12-03 19:20:03
"1195","ALI",1,2014-12-03 19:20:03
"1196","PC",3,2014-12-03 19:20:03
"1197","CON",281,2014-12-02 10:24:15
"1198","LAB",279,2014-12-02 10:24:15
"1199","LD",28,2014-12-02 10:24:15
"1200","SNP",36,2014-12-02 10:24:15
"1201","UKIP",3,2014-12-02 10:24:15
"1202","DUP",8,2014-12-02 10:24:15
"1203","SDLP",3,2014-12-02 10:24:15
"1204","GRN",1,2014-12-02 10:24:15
"1205","SPK",1,2014-12-02 10:24:15
"1206","IND",1,2014-12-02 10:24:15
"1207","SF",5,2014-12-02 10:24:15
"1208","ALI",1,2014-12-02 10:24:15
"1209","PC",3,2014-12-02 10:24:15
"1210","CON",280,2014-12-01 16:49:49
"1211","LAB",282,2014-12-01 16:49:49
"1212","LD",28,2014-12-01 16:49:49
"1213","SNP",34,2014-12-01 16:49:49
"1214","UKIP",3,2014-12-01 16:49:49
"1215","DUP",8,2014-12-01 16:49:49
"1216","SDLP",3,2014-12-01 16:49:49
"1217","GRN",1,2014-12-01 16:49:49
"1218","SPK",1,2014-12-01 16:49:49
"1219","IND",1,2014-12-01 16:49:49
"1220","SF",5,2014-12-01 16:49:49
"1221","ALI",1,2014-12-01 16:49:49
"1222","PC",3,2014-12-01 16:49:49
"1223","CON",282,2014-11-30 10:41:34
"1224","LAB",281,2014-11-30 10:41:34
"1225","LD",27,2014-11-30 10:41:34
"1226","SNP",33,2014-11-30 10:41:34
"1227","UKIP",4,2014-11-30 10:41:34
"1228","DUP",8,2014-11-30 10:41:34
"1229","SDLP",3,2014-11-30 10:41:34
"1230","GRN",1,2014-11-30 10:41:34
"1231","SPK",1,2014-11-30 10:41:34
"1232","IND",1,2014-11-30 10:41:34
"1233","SF",5,2014-11-30 10:41:34
"1234","ALI",1,2014-11-30 10:41:34
"1235","PC",3,2014-11-30 10:41:34
"1236","CON",287,2014-11-28 15:00:25
"1237","LAB",279,2014-11-28 15:00:25
"1238","LD",27,2014-11-28 15:00:25
"1239","SNP",31,2014-11-28 15:00:25
"1240","UKIP",4,2014-11-28 15:00:25
"1241","DUP",8,2014-11-28 15:00:25
"1242","SDLP",3,2014-11-28 15:00:25
"1243","GRN",1,2014-11-28 15:00:25
"1244","SPK",1,2014-11-28 15:00:25
"1245","IND",1,2014-11-28 15:00:25
"1246","SF",5,2014-11-28 15:00:25
"1247","ALI",1,2014-11-28 15:00:25
"1248","PC",2,2014-11-28 15:00:25
"1249","CON",285,2014-11-27 15:22:23
"1250","LAB",280,2014-11-27 15:22:23
"1251","LD",27,2014-11-27 15:22:23
"1252","SNP",32,2014-11-27 15:22:23
"1253","UKIP",4,2014-11-27 15:22:23
"1254","DUP",8,2014-11-27 15:22:23
"1255","SDLP",3,2014-11-27 15:22:23
"1256","GRN",1,2014-11-27 15:22:23
"1257","SPK",1,2014-11-27 15:22:23
"1258","IND",1,2014-11-27 15:22:23
"1259","SF",5,2014-11-27 15:22:23
"1260","ALI",1,2014-11-27 15:22:23
"1261","PC",2,2014-11-27 15:22:23
"1262","CON",284,2014-11-26 15:02:28
"1263","LAB",284,2014-11-26 15:02:28
"1264","LD",24,2014-11-26 15:02:28
"1265","SNP",33,2014-11-26 15:02:28
"1266","UKIP",3,2014-11-26 15:02:28
"1267","DUP",8,2014-11-26 15:02:28
"1268","SDLP",3,2014-11-26 15:02:28
"1269","GRN",1,2014-11-26 15:02:28
"1270","SPK",1,2014-11-26 15:02:28
"1271","IND",1,2014-11-26 15:02:28
"1272","SF",5,2014-11-26 15:02:28
"1273","ALI",1,2014-11-26 15:02:28
"1274","PC",2,2014-11-26 15:02:28
"1275","CON",283,2014-11-25 18:07:44
"1276","LAB",285,2014-11-25 18:07:44
"1277","LD",24,2014-11-25 18:07:44
"1278","SNP",33,2014-11-25 18:07:44
"1279","UKIP",3,2014-11-25 18:07:44
"1280","DUP",8,2014-11-25 18:07:44
"1281","SDLP",3,2014-11-25 18:07:44
"1282","GRN",1,2014-11-25 18:07:44
"1283","SPK",1,2014-11-25 18:07:44
"1284","IND",1,2014-11-25 18:07:44
"1285","SF",5,2014-11-25 18:07:44
"1286","ALI",1,2014-11-25 18:07:44
"1287","PC",2,2014-11-25 18:07:44
"1288","CON",283,2014-11-24 18:00:24
"1289","LAB",284,2014-11-24 18:00:24
"1290","LD",24,2014-11-24 18:00:24
"1291","SNP",33,2014-11-24 18:00:24
"1292","UKIP",4,2014-11-24 18:00:24
"1293","DUP",8,2014-11-24 18:00:24
"1294","SDLP",3,2014-11-24 18:00:24
"1295","GRN",1,2014-11-24 18:00:24
"1296","SPK",1,2014-11-24 18:00:24
"1297","IND",1,2014-11-24 18:00:24
"1298","SF",5,2014-11-24 18:00:24
"1299","ALI",1,2014-11-24 18:00:24
"1300","PC",2,2014-11-24 18:00:24
